task,method,blen,seed,budget_mean,rmse,max_err,e95,timeout_rate,iter_mean,time_q50,gearL,gearM,gearH,calib_ms,budget_scale,safety_rate
hover,v3,5,330,205.8,0.0045,0.0717,0.0000,0.0530,4.0,50.6,0.994,0.003,0.003,144.1,0.506,0.0000
hover,fixed20,5,330,209.0,0.0046,0.0717,0.0000,0.0510,4.0,127.0,0.000,0.000,0.000,146.3,0.513,0.0000
step,v3,5,330,206.2,0.0155,0.2746,0.0005,0.0530,4.0,50.3,0.994,0.003,0.003,144.4,0.507,0.0000
step,fixed20,5,330,203.0,0.0159,0.2803,0.0005,0.0510,4.0,127.2,0.000,0.000,0.000,142.1,0.499,0.0000
circle,v3,5,330,203.4,0.1355,1.5269,0.0437,0.0560,4.1,50.7,0.993,0.004,0.003,142.4,0.500,0.0022
circle,fixed20,5,330,207.6,5285.6615,13366.8805,11671.6009,0.9990,7.9,240.5,0.000,0.000,0.000,145.4,0.510,0.3699
fig8,v3,5,330,207.5,0.1607,1.6605,0.0487,0.0530,4.1,50.8,0.993,0.004,0.003,145.3,0.510,0.0038
fig8,fixed20,5,330,209.4,1840.5972,4811.4883,4156.4815,0.7380,6.9,240.5,0.000,0.000,0.000,146.6,0.514,0.0747
hover,v3,10,330,197.9,0.0107,0.1088,0.0029,0.1000,4.0,50.9,0.994,0.003,0.003,144.1,0.506,0.0000
hover,fixed20,10,330,196.9,0.0063,0.0717,0.0008,0.0980,4.0,127.2,0.000,0.000,0.000,143.4,0.503,0.0000
step,v3,10,330,198.5,0.0182,0.2746,0.0076,0.1000,4.0,49.5,0.994,0.003,0.003,144.6,0.507,0.0000
step,fixed20,10,330,195.1,0.0165,0.2803,0.0037,0.0980,4.0,124.9,0.000,0.000,0.000,142.0,0.498,0.0000
circle,v3,10,330,197.2,4732.9933,12018.0436,10663.7404,0.7420,15.3,220.9,0.993,0.004,0.003,143.6,0.504,0.3439
circle,fixed20,10,330,195.9,5285.6615,13366.8805,11671.6009,0.9990,7.9,234.4,0.000,0.000,0.000,142.7,0.501,0.3699
fig8,v3,10,330,197.3,1664.6928,4366.8780,3822.0591,0.7330,15.2,220.3,0.993,0.004,0.003,143.7,0.504,0.2201
fig8,fixed20,10,330,193.1,2007.8840,5284.7899,4576.2923,0.7480,6.6,215.5,0.000,0.000,0.000,140.6,0.493,0.1188
hover,v3,15,330,193.5,3562.1679,9796.2255,8366.3861,0.7370,14.5,221.1,0.994,0.003,0.003,145.6,0.511,0.3506
hover,fixed20,15,330,194.5,1945.6897,5264.5435,4516.7573,0.7380,6.7,239.5,0.000,0.000,0.000,146.4,0.514,0.0962
step,v3,15,330,187.8,2299.8833,6309.7135,5392.9227,0.7370,14.0,215.8,0.994,0.003,0.003,141.3,0.496,0.3878
step,fixed20,15,330,186.7,1925.0502,5208.9528,4470.1120,0.7380,6.6,232.6,0.000,0.000,0.000,140.5,0.493,0.0958
circle,v3,15,330,190.5,3524.6753,9357.1301,8066.8644,0.7530,15.0,216.8,0.993,0.004,0.003,143.4,0.503,0.1150
circle,fixed20,15,330,187.9,5285.6615,13366.8805,11671.6009,0.9990,7.9,234.8,0.000,0.000,0.000,141.4,0.496,0.3699
fig8,v3,15,330,190.7,5019.9669,9023.1437,8751.5093,0.7500,15.3,218.9,0.993,0.004,0.003,143.5,0.503,0.2159
fig8,fixed20,15,330,185.7,1952.2580,5143.8677,4452.7958,0.7520,6.7,215.2,0.000,0.000,0.000,139.7,0.490,0.1137
hover,v3,20,330,182.3,5374.7614,15725.0030,13122.6937,0.7380,14.4,216.1,0.994,0.003,0.003,142.8,0.501,0.5530
hover,fixed20,20,330,182.5,1767.6124,4724.1305,4067.8993,0.7480,6.7,234.0,0.000,0.000,0.000,143.0,0.502,0.1073
step,v3,20,330,178.6,2365.5347,6587.5597,5601.9237,0.7370,14.1,210.7,0.994,0.003,0.003,139.9,0.491,0.3785
step,fixed20,20,330,180.5,1753.9785,4690.7237,4038.4686,0.7480,6.7,233.7,0.000,0.000,0.000,141.4,0.496,0.1074
circle,v3,20,330,186.3,8084.6616,21772.7891,18801.3453,0.7540,15.3,222.3,0.993,0.004,0.003,146.0,0.512,0.6316
circle,fixed20,20,330,186.8,5285.6615,13366.8805,11671.6009,0.9990,8.0,234.9,0.000,0.000,0.000,146.4,0.514,0.3699
fig8,v3,20,330,181.5,3993.2816,9977.4187,8800.0895,0.7540,15.1,217.4,0.993,0.004,0.003,142.2,0.499,0.0951
fig8,fixed20,20,330,179.9,2772.5798,6329.4476,5712.6075,0.7520,6.4,214.1,0.000,0.000,0.000,140.9,0.494,0.0954
hover,v3,30,330,172.0,5252.1636,15548.4974,12930.2709,0.7490,14.0,219.0,0.994,0.003,0.003,145.2,0.509,0.4360
hover,fixed20,30,330,168.9,1649.0359,4517.1454,3865.6062,0.7480,6.4,217.0,0.000,0.000,0.000,142.5,0.500,0.1039
step,v3,30,330,174.2,1485.2252,4036.6300,3460.1430,0.7490,14.3,226.5,0.994,0.003,0.003,147.0,0.516,0.3169
step,fixed20,30,330,169.7,1643.8545,4503.4798,3853.4112,0.7480,6.5,231.2,0.000,0.000,0.000,143.2,0.503,0.1034
circle,v3,30,330,170.5,5660.7430,13070.8161,11970.2834,0.7570,14.4,218.0,0.993,0.004,0.003,143.9,0.505,0.2655
circle,fixed20,30,330,170.2,5285.6615,13366.8805,11671.6009,0.9990,7.9,239.4,0.000,0.000,0.000,143.6,0.504,0.3699
fig8,v3,30,330,173.1,6984.7098,15791.9646,14583.0997,0.7540,14.6,219.8,0.993,0.004,0.003,146.0,0.512,0.4769
fig8,fixed20,30,330,167.7,1865.4126,4916.7664,4250.7486,0.7530,6.8,234.8,0.000,0.000,0.000,141.5,0.496,0.1099
hover,v3,5,331,205.4,0.0023,0.0332,0.0002,0.0330,4.0,48.6,0.994,0.003,0.003,141.5,0.497,0.0000
hover,fixed20,5,331,206.0,0.0021,0.0332,0.0000,0.0310,4.0,124.4,0.000,0.000,0.000,141.9,0.498,0.0000
step,v3,5,331,207.6,0.0131,0.2350,0.0002,0.0330,4.0,49.5,0.994,0.003,0.003,143.1,0.502,0.0000
step,fixed20,5,331,213.5,0.0140,0.2572,0.0003,0.0310,4.0,125.0,0.000,0.000,0.000,147.1,0.516,0.0000
circle,v3,5,331,204.1,15260.4558,26632.2313,25722.1311,0.9990,19.4,217.8,0.993,0.004,0.003,140.6,0.493,0.5935
circle,fixed20,5,331,204.5,4942.2099,12263.8204,10820.1644,0.9990,7.9,235.4,0.000,0.000,0.000,140.9,0.494,0.4025
fig8,v3,5,331,204.7,0.0498,0.5254,0.0486,0.0330,4.0,49.1,0.993,0.004,0.003,141.0,0.495,0.0000
fig8,fixed20,5,331,205.1,0.0498,0.5254,0.0540,0.0310,4.0,124.7,0.000,0.000,0.000,141.3,0.496,0.0000
hover,v3,10,331,202.6,0.0107,0.1602,0.0006,0.0630,4.0,50.2,0.994,0.003,0.003,143.1,0.502,0.0000
hover,fixed20,10,331,207.1,0.0028,0.0332,0.0001,0.0610,4.0,127.1,0.000,0.000,0.000,146.2,0.513,0.0000
step,v3,10,331,204.8,0.0280,0.5006,0.0004,0.0630,4.0,51.0,0.994,0.003,0.003,144.6,0.507,0.0000
step,fixed20,10,331,202.0,0.0199,0.3714,0.0004,0.0610,4.0,125.1,0.000,0.000,0.000,142.6,0.500,0.0000
circle,v3,10,331,203.3,15260.4558,26632.2313,25722.1311,0.9990,18.9,220.0,0.993,0.004,0.003,143.6,0.504,0.5935
circle,fixed20,10,331,203.6,4942.2099,12263.8204,10820.1644,0.9990,8.0,236.1,0.000,0.000,0.000,143.8,0.504,0.4025
fig8,v3,10,331,202.6,18215.4242,42211.0751,37788.4824,0.9610,18.4,217.0,0.993,0.004,0.003,143.0,0.502,0.9261
fig8,fixed20,10,331,202.4,0.0549,0.5254,0.0542,0.0650,4.1,126.9,0.000,0.000,0.000,142.9,0.501,0.0000
hover,v3,15,331,200.3,0.0460,0.6477,0.0020,0.0830,4.0,49.4,0.994,0.003,0.003,143.8,0.505,0.0013
hover,fixed20,15,331,199.2,0.0089,0.1272,0.0004,0.0810,4.0,124.6,0.000,0.000,0.000,143.0,0.502,0.0000
step,v3,15,331,199.0,0.0657,0.7877,0.0017,0.0830,4.0,48.9,0.994,0.003,0.003,142.8,0.501,0.0011
step,fixed20,15,331,197.9,0.0294,0.3828,0.0009,0.0810,4.0,124.5,0.000,0.000,0.000,142.0,0.498,0.0000
circle,v3,15,331,196.0,15260.4558,26632.2313,25722.1311,0.9990,19.5,218.6,0.993,0.004,0.003,140.7,0.494,0.5935
circle,fixed20,15,331,198.0,4942.2099,12263.8204,10820.1644,0.9990,7.9,236.5,0.000,0.000,0.000,142.1,0.499,0.4025
fig8,v3,15,331,201.9,0.5694,5.0496,0.0699,0.0860,4.3,49.2,0.993,0.004,0.003,144.9,0.509,0.0049
fig8,fixed20,15,331,196.7,3993.8910,9124.7187,8194.5787,0.9610,7.6,236.3,0.000,0.000,0.000,141.2,0.495,0.1571
hover,v3,20,331,200.1,0.2242,2.1295,0.0038,0.1030,4.2,49.2,0.994,0.003,0.003,146.1,0.513,0.0031
hover,fixed20,20,331,194.5,8974.6946,19943.7168,18043.8224,0.9600,7.7,236.2,0.000,0.000,0.000,142.0,0.498,0.3978
step,v3,20,331,194.9,0.2180,2.1499,0.0038,0.1040,4.2,49.0,0.994,0.003,0.003,142.3,0.499,0.0031
step,fixed20,20,331,194.6,14115.0762,28578.4591,26789.0251,0.9580,7.7,236.5,0.000,0.000,0.000,142.1,0.498,0.2711
circle,v3,20,331,196.0,15260.4558,26632.2313,25722.1311,0.9990,19.8,222.2,0.993,0.004,0.003,143.1,0.502,0.5935
circle,fixed20,20,331,201.4,4942.2099,12263.8204,10820.1644,0.9990,8.0,240.7,0.000,0.000,0.000,147.1,0.516,0.4025
fig8,v3,20,331,195.2,1.4963,11.4715,1.3109,0.1110,4.7,49.4,0.993,0.004,0.003,142.5,0.500,0.0148
fig8,fixed20,20,331,192.6,3993.8910,9124.7187,8194.5787,0.9610,7.6,234.6,0.000,0.000,0.000,140.6,0.493,0.1571
hover,v3,30,331,187.7,8376.6811,14011.2511,12810.2821,0.9620,18.9,222.4,0.994,0.003,0.003,143.2,0.502,0.2913
hover,fixed20,30,331,184.1,4042.1801,9172.2409,8244.8478,0.9610,7.6,234.5,0.000,0.000,0.000,140.4,0.493,0.1504
step,v3,30,331,192.4,20673.8120,43934.7803,40598.6979,0.9620,19.1,223.9,0.994,0.003,0.003,146.7,0.515,0.2992
step,fixed20,30,331,187.4,3809.2784,8631.9258,7760.3060,0.9610,7.8,235.6,0.000,0.000,0.000,143.0,0.502,0.1506
circle,v3,30,331,191.5,1.5710,11.9274,1.2137,0.1620,4.8,49.3,0.993,0.004,0.003,146.1,0.513,0.0118
circle,fixed20,30,331,187.2,4942.2099,12263.8204,10820.1644,0.9990,8.0,236.0,0.000,0.000,0.000,142.8,0.501,0.4025
fig8,v3,30,331,186.2,17185.1262,40214.3881,35910.1890,0.9610,18.8,221.1,0.993,0.004,0.003,142.0,0.498,0.8534
fig8,fixed20,30,331,189.7,4123.7177,9396.9495,8444.6920,0.9620,7.8,241.1,0.000,0.000,0.000,144.7,0.508,0.1587
hover,v3,5,332,217.8,0.0030,0.0492,0.0000,0.0180,4.0,51.5,0.994,0.003,0.003,148.3,0.520,0.0000
hover,fixed20,5,332,213.3,0.0031,0.0492,0.0000,0.0160,4.0,127.5,0.000,0.000,0.000,145.2,0.509,0.0000
step,v3,5,332,214.0,0.0152,0.2746,0.0003,0.0180,4.0,50.3,0.994,0.003,0.003,145.7,0.511,0.0000
step,fixed20,5,332,218.7,0.0156,0.2803,0.0003,0.0160,4.0,127.5,0.000,0.000,0.000,148.9,0.522,0.0000
circle,v3,5,332,210.9,0.2235,1.9913,0.0426,0.0220,4.1,49.1,0.993,0.004,0.003,143.6,0.504,0.0038
circle,fixed20,5,332,206.8,1350.4973,4175.3941,3411.5936,0.9990,7.9,234.8,0.000,0.000,0.000,140.8,0.494,0.2168
fig8,v3,5,332,207.5,0.0472,0.5232,0.0484,0.0180,4.0,48.9,0.993,0.004,0.003,141.2,0.496,0.0000
fig8,fixed20,5,332,212.3,0.0497,0.5232,0.0540,0.0170,4.0,124.7,0.000,0.000,0.000,144.5,0.507,0.0000
hover,v3,10,332,203.8,0.0030,0.0492,0.0000,0.0330,4.0,49.2,0.994,0.003,0.003,140.4,0.493,0.0000
hover,fixed20,10,332,207.0,0.0031,0.0492,0.0000,0.0310,4.0,125.4,0.000,0.000,0.000,142.6,0.500,0.0000
step,v3,10,332,206.6,0.0152,0.2746,0.0003,0.0330,4.0,49.0,0.994,0.003,0.003,142.3,0.499,0.0000
step,fixed20,10,332,206.5,0.0156,0.2803,0.0003,0.0310,4.0,124.8,0.000,0.000,0.000,142.3,0.499,0.0000
circle,v3,10,332,208.6,0.2235,1.9913,0.0426,0.0370,4.1,49.3,0.993,0.004,0.003,143.7,0.504,0.0038
circle,fixed20,10,332,209.7,1350.4973,4175.3941,3411.5936,0.9990,7.9,240.1,0.000,0.000,0.000,144.5,0.507,0.2168
fig8,v3,10,332,207.2,0.0472,0.5232,0.0484,0.0330,4.0,50.8,0.993,0.004,0.003,142.8,0.501,0.0000
fig8,fixed20,10,332,208.3,0.0497,0.5232,0.0540,0.0320,4.0,127.6,0.000,0.000,0.000,143.5,0.504,0.0000
hover,v3,15,332,206.5,0.0030,0.0492,0.0000,0.0480,4.0,51.0,0.994,0.003,0.003,144.0,0.505,0.0000
hover,fixed20,15,332,208.5,0.0031,0.0492,0.0000,0.0460,4.0,127.1,0.000,0.000,0.000,145.4,0.510,0.0000
step,v3,15,332,209.5,0.0152,0.2746,0.0003,0.0480,4.0,50.6,0.994,0.003,0.003,146.1,0.513,0.0000
step,fixed20,15,332,207.6,0.0156,0.2803,0.0003,0.0460,4.0,127.3,0.000,0.000,0.000,144.8,0.508,0.0000
circle,v3,15,332,204.8,0.2235,1.9913,0.0426,0.0520,4.1,50.8,0.993,0.004,0.003,142.8,0.501,0.0038
circle,fixed20,15,332,205.5,1350.4973,4175.3941,3411.5936,0.9990,7.8,239.5,0.000,0.000,0.000,143.3,0.503,0.2168
fig8,v3,15,332,205.3,0.0471,0.5232,0.0484,0.0480,4.0,50.6,0.993,0.004,0.003,143.1,0.502,0.0000
fig8,fixed20,15,332,205.0,0.0497,0.5232,0.0540,0.0470,4.0,124.5,0.000,0.000,0.000,143.0,0.502,0.0000
hover,v3,20,332,204.0,0.0030,0.0492,0.0000,0.0630,4.0,48.9,0.994,0.003,0.003,144.0,0.505,0.0000
hover,fixed20,20,332,201.9,0.0031,0.0492,0.0000,0.0610,4.0,125.8,0.000,0.000,0.000,142.6,0.500,0.0000
step,v3,20,332,199.3,0.0152,0.2746,0.0003,0.0630,4.0,49.3,0.994,0.003,0.003,140.7,0.494,0.0000
step,fixed20,20,332,205.8,0.0156,0.2803,0.0003,0.0610,4.0,127.7,0.000,0.000,0.000,145.3,0.510,0.0000
circle,v3,20,332,205.0,0.2235,1.9913,0.0426,0.0670,4.1,50.7,0.993,0.004,0.003,144.7,0.508,0.0038
circle,fixed20,20,332,207.7,1350.4973,4175.3941,3411.5936,0.9990,8.0,241.5,0.000,0.000,0.000,146.7,0.515,0.2168
fig8,v3,20,332,202.4,0.0471,0.5232,0.0484,0.0630,4.0,50.6,0.993,0.004,0.003,142.9,0.501,0.0000
fig8,fixed20,20,332,203.5,0.0496,0.5232,0.0540,0.0620,4.0,127.1,0.000,0.000,0.000,143.7,0.504,0.0000
hover,v3,30,332,197.6,0.0030,0.0492,0.0000,0.0930,4.0,50.5,0.994,0.003,0.003,143.0,0.502,0.0000
hover,fixed20,30,332,201.0,0.0031,0.0492,0.0000,0.0910,4.0,127.8,0.000,0.000,0.000,145.5,0.511,0.0000
step,v3,30,332,197.7,0.0152,0.2746,0.0003,0.0930,4.0,50.5,0.994,0.003,0.003,143.1,0.502,0.0000
step,fixed20,30,332,203.1,0.0156,0.2803,0.0003,0.0910,4.0,124.7,0.000,0.000,0.000,147.1,0.516,0.0000
circle,v3,30,332,200.3,0.2235,1.9913,0.0427,0.0970,4.1,49.4,0.993,0.004,0.003,145.0,0.509,0.0038
circle,fixed20,30,332,197.1,1350.4973,4175.3941,3411.5936,0.9990,7.9,236.8,0.000,0.000,0.000,142.7,0.501,0.2168
fig8,v3,30,332,198.3,0.0473,0.5232,0.0485,0.0930,4.0,49.3,0.993,0.004,0.003,143.6,0.504,0.0000
fig8,fixed20,30,332,196.4,0.0498,0.5232,0.0540,0.0920,4.1,125.0,0.000,0.000,0.000,142.2,0.499,0.0000
hover,v3,5,333,207.9,0.0038,0.0579,0.0000,0.0280,4.0,49.7,0.994,0.003,0.003,142.7,0.501,0.0000
hover,fixed20,5,333,206.4,0.0038,0.0579,0.0000,0.0260,4.0,124.5,0.000,0.000,0.000,141.6,0.497,0.0000
step,v3,5,333,207.1,0.0153,0.2746,0.0005,0.0280,4.0,49.4,0.994,0.003,0.003,142.1,0.499,0.0000
step,fixed20,5,333,205.5,0.0157,0.2803,0.0004,0.0260,4.0,124.8,0.000,0.000,0.000,141.0,0.495,0.0000
circle,v3,5,333,211.6,0.1354,1.5388,0.0426,0.0310,4.1,50.8,0.993,0.004,0.003,145.2,0.509,0.0022
circle,fixed20,5,333,214.1,21001.4532,42830.7847,39865.0639,0.9990,8.0,240.7,0.000,0.000,0.000,146.9,0.516,0.5622
fig8,v3,5,333,214.1,0.0455,0.4972,0.0484,0.0280,4.0,50.5,0.993,0.004,0.003,146.9,0.515,0.0000
fig8,fixed20,5,333,213.1,0.0483,0.4972,0.0540,0.0260,4.0,127.5,0.000,0.000,0.000,146.2,0.513,0.0000
hover,v3,10,333,206.8,0.0038,0.0579,0.0000,0.0530,4.0,50.6,0.994,0.003,0.003,144.8,0.508,0.0000
hover,fixed20,10,333,205.2,0.0038,0.0579,0.0000,0.0510,4.0,127.0,0.000,0.000,0.000,143.7,0.504,0.0000
step,v3,10,333,207.8,0.0153,0.2746,0.0005,0.0530,4.0,50.7,0.994,0.003,0.003,145.5,0.511,0.0000
step,fixed20,10,333,203.1,0.0157,0.2803,0.0004,0.0510,4.0,125.2,0.000,0.000,0.000,142.2,0.499,0.0000
circle,v3,10,333,205.2,0.1354,1.5388,0.0426,0.0560,4.1,49.4,0.993,0.004,0.003,143.7,0.504,0.0022
circle,fixed20,10,333,205.4,21001.4532,42830.7847,39865.0639,0.9990,8.0,235.7,0.000,0.000,0.000,143.8,0.505,0.5622
fig8,v3,10,333,205.3,0.0455,0.4972,0.0484,0.0530,4.0,50.3,0.993,0.004,0.003,143.8,0.504,0.0000
fig8,fixed20,10,333,209.0,0.0483,0.4972,0.0540,0.0510,4.0,127.3,0.000,0.000,0.000,146.3,0.513,0.0000
hover,v3,15,333,199.8,0.0038,0.0579,0.0000,0.0780,4.0,50.8,0.994,0.003,0.003,142.8,0.501,0.0000
hover,fixed20,15,333,201.7,0.0038,0.0579,0.0000,0.0760,4.0,127.2,0.000,0.000,0.000,144.2,0.506,0.0000
step,v3,15,333,196.0,0.0153,0.2746,0.0005,0.0780,4.0,48.5,0.994,0.003,0.003,140.1,0.492,0.0000
step,fixed20,15,333,201.9,0.0157,0.2803,0.0004,0.0760,4.0,125.0,0.000,0.000,0.000,144.3,0.506,0.0000
circle,v3,15,333,198.3,0.1354,1.5388,0.0426,0.0810,4.1,49.4,0.993,0.004,0.003,141.8,0.497,0.0022
circle,fixed20,15,333,205.3,21001.4532,42830.7847,39865.0639,0.9990,8.0,240.5,0.000,0.000,0.000,146.7,0.515,0.5622
fig8,v3,15,333,200.2,0.0455,0.4972,0.0484,0.0780,4.0,50.5,0.993,0.004,0.003,143.1,0.502,0.0000
fig8,fixed20,15,333,198.6,0.0483,0.4972,0.0540,0.0760,4.0,124.7,0.000,0.000,0.000,142.0,0.498,0.0000
hover,v3,20,333,192.2,0.0038,0.0579,0.0000,0.1030,4.0,49.4,0.994,0.003,0.003,140.4,0.492,0.0000
hover,fixed20,20,333,196.2,0.0038,0.0579,0.0000,0.1010,4.0,124.7,0.000,0.000,0.000,143.2,0.503,0.0000
step,v3,20,333,196.8,0.0153,0.2746,0.0005,0.1030,4.0,49.0,0.994,0.003,0.003,143.7,0.504,0.0000
step,fixed20,20,333,197.4,0.0157,0.2803,0.0004,0.1010,4.0,124.8,0.000,0.000,0.000,144.1,0.506,0.0000
circle,v3,20,333,194.8,0.1354,1.5388,0.0426,0.1060,4.1,49.4,0.993,0.004,0.003,142.2,0.499,0.0022
circle,fixed20,20,333,199.9,21001.4532,42830.7847,39865.0639,0.9990,8.0,235.9,0.000,0.000,0.000,145.9,0.512,0.5622
fig8,v3,20,333,193.1,0.0455,0.4972,0.0484,0.1030,4.0,49.3,0.993,0.004,0.003,141.0,0.495,0.0000
fig8,fixed20,20,333,199.1,0.0482,0.4972,0.0539,0.1010,4.0,124.6,0.000,0.000,0.000,145.4,0.510,0.0000
hover,v3,30,333,191.4,0.0038,0.0579,0.0000,0.1510,4.0,50.8,0.994,0.003,0.003,145.7,0.511,0.0000
hover,fixed20,30,333,185.4,0.0038,0.0579,0.0000,0.1490,4.0,126.9,0.000,0.000,0.000,141.1,0.495,0.0000
step,v3,30,333,190.0,0.0153,0.2746,0.0005,0.1510,4.0,49.7,0.994,0.003,0.003,144.6,0.507,0.0000
step,fixed20,30,333,186.5,0.0157,0.2803,0.0004,0.1490,4.0,124.9,0.000,0.000,0.000,141.9,0.498,0.0000
circle,v3,30,333,187.2,0.1353,1.5388,0.0427,0.1540,4.1,49.0,0.993,0.004,0.003,142.5,0.500,0.0022
circle,fixed20,30,333,185.2,21001.4532,42830.7847,39865.0639,0.9990,7.8,234.8,0.000,0.000,0.000,141.0,0.495,0.5622
fig8,v3,30,333,185.8,0.0457,0.4972,0.0486,0.1510,4.0,49.3,0.993,0.004,0.003,141.4,0.496,0.0000
fig8,fixed20,30,333,186.9,0.0484,0.4972,0.0540,0.1490,4.1,125.2,0.000,0.000,0.000,142.3,0.499,0.0000
hover,v3,5,334,209.4,0.0028,0.0469,0.0000,0.0330,4.0,49.1,0.994,0.003,0.003,144.3,0.506,0.0000
hover,fixed20,5,334,210.1,0.0029,0.0469,0.0000,0.0310,4.0,124.5,0.000,0.000,0.000,144.7,0.508,0.0000
step,v3,5,334,208.5,0.0151,0.2746,0.0002,0.0330,4.0,50.5,0.994,0.003,0.003,143.7,0.504,0.0000
step,fixed20,5,334,213.1,0.0155,0.2803,0.0003,0.0310,4.0,127.1,0.000,0.000,0.000,146.8,0.515,0.0000
circle,v3,5,334,211.0,0.2108,1.8403,0.0426,0.0370,4.1,50.7,0.993,0.004,0.003,145.4,0.510,0.0036
circle,fixed20,5,334,207.7,13382.9183,25889.1968,24691.6189,0.9990,7.8,239.7,0.000,0.000,0.000,143.1,0.502,0.5158
fig8,v3,5,334,204.2,0.0481,0.5455,0.0484,0.0330,4.0,49.1,0.993,0.004,0.003,140.7,0.494,0.0000
fig8,fixed20,5,334,205.1,0.0506,0.5455,0.0540,0.0320,4.0,125.3,0.000,0.000,0.000,141.3,0.496,0.0000
hover,v3,10,334,197.8,0.0029,0.0469,0.0001,0.0630,4.0,48.8,0.994,0.003,0.003,139.6,0.490,0.0000
hover,fixed20,10,334,200.6,0.0029,0.0469,0.0000,0.0610,4.0,125.9,0.000,0.000,0.000,141.6,0.497,0.0000
step,v3,10,334,201.7,0.0151,0.2746,0.0007,0.0630,4.0,50.6,0.994,0.003,0.003,142.4,0.500,0.0000
step,fixed20,10,334,211.0,0.0155,0.2803,0.0003,0.0610,4.0,127.5,0.000,0.000,0.000,148.9,0.523,0.0000
circle,v3,10,334,204.6,0.2109,1.8403,0.0428,0.0670,4.1,50.9,0.993,0.004,0.003,144.5,0.507,0.0036
circle,fixed20,10,334,201.5,13382.9183,25889.1968,24691.6189,0.9990,7.6,237.9,0.000,0.000,0.000,142.2,0.499,0.5158
fig8,v3,10,334,205.4,0.0495,0.5455,0.0486,0.0630,4.0,50.7,0.993,0.004,0.003,145.0,0.509,0.0000
fig8,fixed20,10,334,209.6,0.0512,0.5455,0.0541,0.0620,4.1,127.3,0.000,0.000,0.000,148.0,0.519,0.0000
hover,v3,15,334,199.1,0.0095,0.1335,0.0006,0.0930,4.0,50.8,0.994,0.003,0.003,144.1,0.506,0.0000
hover,fixed20,15,334,200.0,0.0029,0.0469,0.0000,0.0910,4.0,127.1,0.000,0.000,0.000,144.8,0.508,0.0000
step,v3,15,334,198.8,0.0174,0.2746,0.0026,0.0930,4.0,50.4,0.994,0.003,0.003,143.9,0.505,0.0000
step,fixed20,15,334,200.0,0.0155,0.2803,0.0010,0.0910,4.0,127.4,0.000,0.000,0.000,144.8,0.508,0.0000
circle,v3,15,334,203.6,2791.9856,6802.1081,6014.4830,0.8750,17.7,227.9,0.993,0.004,0.003,147.4,0.517,0.4753
circle,fixed20,15,334,198.0,13382.9183,25889.1968,24691.6189,0.9990,7.8,240.2,0.000,0.000,0.000,143.4,0.503,0.5158
fig8,v3,15,334,204.2,14261.0378,34779.6266,30764.8060,0.8830,17.6,227.4,0.993,0.004,0.003,147.8,0.519,0.6400
fig8,fixed20,15,334,199.3,3116.2904,7499.1523,6654.0867,0.8840,7.5,236.0,0.000,0.000,0.000,144.3,0.506,0.1428
hover,v3,20,334,191.8,0.0773,0.9946,0.0030,0.1230,4.1,49.0,0.994,0.003,0.003,142.4,0.500,0.0014
hover,fixed20,20,334,191.3,0.0042,0.0469,0.0002,0.1210,4.0,127.0,0.000,0.000,0.000,142.1,0.499,0.0000
step,v3,20,334,193.2,0.0743,0.9479,0.0098,0.1230,4.1,50.7,0.994,0.003,0.003,143.5,0.504,0.0013
step,fixed20,20,334,195.3,0.0158,0.2803,0.0018,0.1210,4.0,127.4,0.000,0.000,0.000,145.1,0.509,0.0000
circle,v3,20,334,191.2,18334.6749,44422.2772,39420.6443,0.8880,17.0,216.4,0.993,0.004,0.003,142.0,0.498,0.5588
circle,fixed20,20,334,195.8,13382.9183,25889.1968,24691.6189,0.9990,8.0,241.5,0.000,0.000,0.000,145.5,0.510,0.5158
fig8,v3,20,334,194.0,2373.6074,5477.5364,4903.9209,0.8830,16.9,217.9,0.993,0.004,0.003,144.1,0.506,0.3811
fig8,fixed20,20,334,193.3,3033.2549,7313.2471,6486.3601,0.8840,7.3,240.3,0.000,0.000,0.000,143.6,0.504,0.1337
hover,v3,30,334,187.4,6028.0965,14806.1521,13069.6247,0.8800,17.2,227.9,0.994,0.003,0.003,146.8,0.515,0.4889
hover,fixed20,30,334,183.8,2928.6123,7040.1246,6241.9593,0.8830,7.3,236.2,0.000,0.000,0.000,144.0,0.505,0.1283
step,v3,30,334,178.6,11753.7752,29649.1746,26028.3493,0.8820,17.0,213.2,0.994,0.003,0.003,139.9,0.491,0.6894
step,fixed20,30,334,187.4,2939.5121,7046.8802,6252.2388,0.8830,7.3,240.7,0.000,0.000,0.000,146.9,0.515,0.1274
circle,v3,30,334,181.4,11740.0371,29685.8523,25996.5026,0.8870,16.8,218.3,0.993,0.004,0.003,142.1,0.499,0.7806
circle,fixed20,30,334,184.7,13382.9183,25889.1968,24691.6189,0.9990,7.9,241.3,0.000,0.000,0.000,144.7,0.508,0.5158
fig8,v3,30,334,181.5,8723.9781,16496.9955,16093.1823,0.8670,17.3,218.8,0.994,0.003,0.003,142.2,0.499,0.2577
fig8,fixed20,30,334,179.2,11258.7410,25236.4468,22759.5791,0.9960,7.7,233.7,0.000,0.000,0.000,140.4,0.493,0.1759
hover,v3,5,335,207.6,0.0020,0.0322,0.0000,0.0230,4.0,49.0,0.994,0.003,0.003,141.9,0.498,0.0000
hover,fixed20,5,335,206.6,0.0020,0.0322,0.0000,0.0210,4.0,124.5,0.000,0.000,0.000,141.2,0.495,0.0000
step,v3,5,335,205.7,0.0150,0.2746,0.0002,0.0230,4.0,48.9,0.994,0.003,0.003,140.6,0.493,0.0000
step,fixed20,5,335,210.7,0.0154,0.2803,0.0003,0.0210,4.0,125.3,0.000,0.000,0.000,144.0,0.505,0.0000
circle,v3,5,335,208.2,9418.1439,21344.8980,19204.9930,0.9840,19.8,220.3,0.993,0.004,0.003,142.3,0.499,0.6109
circle,fixed20,5,335,206.0,4686.5293,10612.9799,9349.2745,0.9990,7.8,235.1,0.000,0.000,0.000,140.8,0.494,0.4304
fig8,v3,5,335,206.6,0.0473,0.5272,0.0484,0.0230,4.0,48.7,0.993,0.004,0.003,141.2,0.495,0.0000
fig8,fixed20,5,335,210.0,0.0499,0.5272,0.0540,0.0220,4.0,125.0,0.000,0.000,0.000,143.5,0.504,0.0000
hover,v3,10,335,205.0,0.0020,0.0322,0.0000,0.0430,4.0,49.1,0.994,0.003,0.003,142.4,0.500,0.0000
hover,fixed20,10,335,202.6,0.0020,0.0322,0.0000,0.0410,4.0,125.0,0.000,0.000,0.000,140.8,0.494,0.0000
step,v3,10,335,202.8,0.0150,0.2746,0.0002,0.0430,4.0,49.0,0.994,0.003,0.003,140.8,0.494,0.0000
step,fixed20,10,335,204.8,0.0154,0.2803,0.0003,0.0410,4.0,124.9,0.000,0.000,0.000,142.3,0.499,0.0000
circle,v3,10,335,201.3,10202.4101,23100.2411,20788.8049,0.9850,18.9,212.2,0.993,0.004,0.003,139.8,0.490,0.6092
circle,fixed20,10,335,204.1,4385.6640,9876.7246,9073.0748,0.9990,7.8,236.5,0.000,0.000,0.000,141.7,0.497,0.4505
fig8,v3,10,335,206.3,0.0473,0.5272,0.0484,0.0430,4.0,50.7,0.993,0.004,0.003,143.3,0.503,0.0000
fig8,fixed20,10,335,210.5,0.0499,0.5272,0.0540,0.0420,4.0,127.8,0.000,0.000,0.000,146.2,0.513,0.0000
hover,v3,15,335,202.7,0.0020,0.0322,0.0000,0.0630,4.0,50.5,0.994,0.003,0.003,143.1,0.502,0.0000
hover,fixed20,15,335,209.1,0.0020,0.0322,0.0000,0.0610,4.0,127.2,0.000,0.000,0.000,147.6,0.518,0.0000
step,v3,15,335,198.5,0.0150,0.2746,0.0002,0.0630,4.0,48.8,0.994,0.003,0.003,140.2,0.492,0.0000
step,fixed20,15,335,199.9,0.0154,0.2803,0.0003,0.0610,4.0,125.0,0.000,0.000,0.000,141.1,0.495,0.0000
circle,v3,15,335,201.1,9418.1439,21344.8980,19204.9930,0.9840,19.8,219.9,0.993,0.004,0.003,142.0,0.498,0.6109
circle,fixed20,15,335,200.2,4385.6640,9876.7246,9073.0748,0.9990,7.9,235.7,0.000,0.000,0.000,141.3,0.496,0.4505
fig8,v3,15,335,200.3,0.0473,0.5272,0.0484,0.0630,4.0,48.9,0.993,0.004,0.003,141.4,0.496,0.0000
fig8,fixed20,15,335,204.3,0.0498,0.5272,0.0540,0.0620,4.0,127.7,0.000,0.000,0.000,144.2,0.506,0.0000
hover,v3,20,335,202.6,0.0020,0.0322,0.0000,0.0830,4.0,50.6,0.994,0.003,0.003,145.4,0.510,0.0000
hover,fixed20,20,335,201.6,0.0020,0.0322,0.0000,0.0810,4.0,127.3,0.000,0.000,0.000,144.7,0.508,0.0000
step,v3,20,335,201.5,0.0150,0.2746,0.0002,0.0830,4.0,50.2,0.994,0.003,0.003,144.7,0.508,0.0000
step,fixed20,20,335,196.9,0.0154,0.2803,0.0003,0.0810,4.0,127.1,0.000,0.000,0.000,141.3,0.496,0.0000
circle,v3,20,335,200.2,7204.6606,16112.7837,14538.5199,0.9940,19.1,217.7,0.993,0.004,0.003,143.7,0.504,0.6621
circle,fixed20,20,335,194.8,4385.6640,9876.7246,9073.0748,0.9990,7.7,233.8,0.000,0.000,0.000,139.8,0.491,0.4505
fig8,v3,20,335,197.5,0.0473,0.5272,0.0484,0.0830,4.0,49.4,0.993,0.004,0.003,141.8,0.497,0.0000
fig8,fixed20,20,335,195.0,9420.1374,21043.3312,19036.5207,0.9960,7.2,215.0,0.000,0.000,0.000,140.0,0.491,0.1588
hover,v3,30,335,194.2,0.0020,0.0322,0.0000,0.1230,4.0,50.7,0.994,0.003,0.003,144.3,0.506,0.0000
hover,fixed20,30,335,195.8,0.0020,0.0322,0.0000,0.1210,4.0,127.7,0.000,0.000,0.000,145.4,0.510,0.0000
step,v3,30,335,195.4,0.0150,0.2746,0.0002,0.1230,4.0,50.6,0.994,0.003,0.003,145.2,0.509,0.0000
step,fixed20,30,335,192.8,0.0154,0.2803,0.0003,0.1210,4.0,127.3,0.000,0.000,0.000,143.2,0.503,0.0000
circle,v3,30,335,192.4,7204.6606,16112.7837,14538.5199,0.9940,18.9,217.2,0.993,0.004,0.003,142.9,0.502,0.6621
circle,fixed20,30,335,194.3,4385.6640,9876.7246,9073.0748,0.9990,7.9,240.7,0.000,0.000,0.000,144.3,0.506,0.4505
fig8,v3,30,335,194.8,0.0476,0.5272,0.0486,0.1230,4.0,50.9,0.993,0.004,0.003,144.7,0.508,0.0000
fig8,fixed20,30,335,197.5,0.0501,0.5272,0.0542,0.1220,4.1,127.3,0.000,0.000,0.000,146.7,0.515,0.0000
hover,v3,5,336,208.9,0.0331,0.4074,0.0026,0.0230,4.1,50.7,0.994,0.003,0.003,142.8,0.501,0.0000
hover,fixed20,5,336,210.7,0.0083,0.1221,0.0003,0.0210,4.0,127.0,0.000,0.000,0.000,144.0,0.505,0.0000
step,v3,5,336,215.1,0.0362,0.4074,0.0057,0.0230,4.1,50.5,0.994,0.003,0.003,147.0,0.516,0.0000
step,fixed20,5,336,211.4,0.0174,0.2801,0.0020,0.0210,4.0,127.3,0.000,0.000,0.000,144.5,0.507,0.0000
circle,v3,5,336,210.0,8498.8361,18858.3333,17179.0882,0.9920,18.9,218.2,0.993,0.004,0.003,143.5,0.504,0.5450
circle,fixed20,5,336,207.5,17538.8969,37740.8301,34758.6270,0.9990,7.9,234.9,0.000,0.000,0.000,141.8,0.498,0.5137
fig8,v3,5,336,208.4,0.1040,1.2365,0.0486,0.0230,4.1,49.2,0.993,0.004,0.003,142.4,0.500,0.0019
fig8,fixed20,5,336,208.7,5373.9191,12118.2450,10913.7658,0.9860,7.6,239.2,0.000,0.000,0.000,142.6,0.500,0.1428
hover,v3,10,336,208.7,0.3815,3.7451,0.0057,0.0440,4.3,50.3,0.994,0.003,0.003,145.0,0.509,0.0037
hover,fixed20,10,336,210.3,4528.6240,10156.3379,9160.3787,0.9860,7.9,241.9,0.000,0.000,0.000,146.1,0.512,0.1637
step,v3,10,336,209.8,0.3818,3.7451,0.0057,0.0440,4.3,51.1,0.994,0.003,0.003,145.7,0.511,0.0037
step,fixed20,10,336,213.1,4528.9797,10156.8203,9160.8606,0.9860,7.9,242.7,0.000,0.000,0.000,148.0,0.519,0.1637
circle,v3,10,336,207.4,8498.8361,18858.3333,17179.0882,0.9920,19.0,220.4,0.993,0.004,0.003,144.0,0.505,0.5450
circle,fixed20,10,336,207.6,17538.8969,37740.8301,34758.6270,0.9990,7.9,240.2,0.000,0.000,0.000,144.2,0.506,0.5137
fig8,v3,10,336,205.7,0.1919,2.0990,0.0486,0.0430,4.2,49.0,0.993,0.004,0.003,142.9,0.501,0.0020
fig8,fixed20,10,336,203.7,5373.9191,12118.2450,10913.7658,0.9860,7.8,236.4,0.000,0.000,0.000,141.5,0.496,0.1428
hover,v3,15,336,199.0,0.4494,4.2626,0.0059,0.0640,4.3,48.7,0.994,0.003,0.003,140.5,0.493,0.0045
hover,fixed20,15,336,203.2,4528.6240,10156.3379,9160.3787,0.9860,7.8,239.7,0.000,0.000,0.000,143.5,0.503,0.1637
step,v3,15,336,200.6,0.4495,4.2626,0.0057,0.0640,4.3,50.2,0.994,0.003,0.003,141.6,0.497,0.0038
step,fixed20,15,336,199.1,4528.9797,10156.8203,9160.8606,0.9860,7.7,235.2,0.000,0.000,0.000,140.6,0.493,0.1637
circle,v3,15,336,198.8,8498.8361,18858.3333,17179.0882,0.9920,19.1,213.2,0.993,0.004,0.003,140.4,0.493,0.5450
circle,fixed20,15,336,203.7,17538.8969,37740.8301,34758.6270,0.9990,8.0,236.0,0.000,0.000,0.000,143.8,0.505,0.5137
fig8,v3,15,336,201.9,2558.5914,5576.9426,5053.1921,0.9800,19.5,220.9,0.993,0.004,0.003,142.6,0.500,0.2785
fig8,fixed20,15,336,202.0,5373.9191,12118.2450,10913.7658,0.9860,7.9,236.6,0.000,0.000,0.000,142.6,0.500,0.1428
hover,v3,20,336,199.5,4248.6823,9652.1631,8678.8017,0.9860,18.6,218.1,0.994,0.003,0.003,143.2,0.503,0.4814
hover,fixed20,20,336,198.8,4528.6240,10156.3379,9160.3787,0.9860,7.9,236.5,0.000,0.000,0.000,142.7,0.501,0.1637
step,v3,20,336,194.7,4249.0451,9652.6595,8679.2979,0.9860,19.0,212.5,0.994,0.003,0.003,139.8,0.490,0.4814
step,fixed20,20,336,209.5,4528.9797,10156.8203,9160.8606,0.9860,7.9,241.5,0.000,0.000,0.000,150.4,0.528,0.1637
circle,v3,20,336,200.8,8498.8361,18858.3333,17179.0882,0.9920,19.0,219.1,0.993,0.004,0.003,144.1,0.506,0.5450
circle,fixed20,20,336,199.4,17724.6201,38447.8700,35315.8772,0.9990,7.8,239.4,0.000,0.000,0.000,143.1,0.502,0.5128
fig8,v3,20,336,199.9,6854.1059,15515.7815,13963.9421,0.9820,18.7,219.0,0.993,0.004,0.003,143.5,0.503,0.6548
fig8,fixed20,20,336,199.7,5373.9191,12118.2450,10913.7658,0.9860,7.8,240.0,0.000,0.000,0.000,143.4,0.503,0.1428
hover,v3,30,336,189.9,17746.4361,40793.7129,36587.7338,0.9860,19.5,218.3,0.994,0.003,0.003,141.1,0.495,0.7742
hover,fixed20,30,336,188.1,4528.6240,10156.3379,9160.3787,0.9860,7.5,233.6,0.000,0.000,0.000,139.7,0.490,0.1637
step,v3,30,336,194.1,6011.7730,13597.6501,12239.5781,0.9860,19.6,220.9,0.994,0.003,0.003,144.1,0.506,0.6098
step,fixed20,30,336,191.2,4528.9797,10156.8203,9160.8606,0.9860,7.9,236.4,0.000,0.000,0.000,142.0,0.498,0.1637
circle,v3,30,336,189.6,8498.8361,18858.3333,17179.0882,0.9920,19.3,215.5,0.993,0.004,0.003,140.8,0.494,0.5450
circle,fixed20,30,336,190.8,17538.8969,37740.8301,34758.6270,0.9990,7.9,235.6,0.000,0.000,0.000,141.7,0.497,0.5137
fig8,v3,30,336,197.8,4684.4226,10512.4863,9475.7187,0.9880,19.8,222.7,0.993,0.004,0.003,146.9,0.516,0.1646
fig8,fixed20,30,336,194.1,5373.9191,12118.2450,10913.7658,0.9860,7.9,237.0,0.000,0.000,0.000,144.2,0.506,0.1428
hover,v3,5,337,209.2,0.0035,0.0573,0.0000,0.0330,4.0,51.0,0.994,0.003,0.003,144.1,0.506,0.0000
hover,fixed20,5,337,207.6,0.0035,0.0573,0.0000,0.0310,4.0,127.3,0.000,0.000,0.000,143.0,0.502,0.0000
step,v3,5,337,205.8,0.0153,0.2746,0.0003,0.0330,4.0,50.6,0.994,0.003,0.003,141.8,0.497,0.0000
step,fixed20,5,337,209.7,0.0157,0.2803,0.0004,0.0310,4.0,127.5,0.000,0.000,0.000,144.5,0.507,0.0000
circle,v3,5,337,207.7,16636.3260,36916.9420,33473.6725,0.9970,19.0,218.4,0.993,0.004,0.003,143.1,0.502,0.6719
circle,fixed20,5,337,212.1,9344.5851,18692.2462,17635.7809,0.9990,8.0,241.0,0.000,0.000,0.000,146.2,0.513,0.4384
fig8,v3,5,337,210.7,0.0457,0.4743,0.0484,0.0330,4.0,50.8,0.993,0.004,0.003,145.2,0.509,0.0000
fig8,fixed20,5,337,206.4,0.0481,0.4743,0.0540,0.0320,4.0,127.5,0.000,0.000,0.000,142.2,0.499,0.0000
hover,v3,10,337,204.5,0.0035,0.0573,0.0000,0.0630,4.0,50.8,0.994,0.003,0.003,144.4,0.507,0.0000
hover,fixed20,10,337,205.9,0.0035,0.0573,0.0000,0.0610,4.0,127.3,0.000,0.000,0.000,145.4,0.510,0.0000
step,v3,10,337,204.4,0.0153,0.2746,0.0003,0.0630,4.0,50.8,0.994,0.003,0.003,144.3,0.506,0.0000
step,fixed20,10,337,205.8,0.0157,0.2803,0.0004,0.0610,4.0,124.8,0.000,0.000,0.000,145.3,0.510,0.0000
circle,v3,10,337,203.9,20870.2389,47459.5608,42692.2733,0.9920,19.9,221.2,0.993,0.004,0.003,144.0,0.505,0.7246
circle,fixed20,10,337,198.2,10654.4927,22423.1418,20983.3339,0.9990,7.7,234.3,0.000,0.000,0.000,139.9,0.491,0.4425
fig8,v3,10,337,203.0,0.0459,0.4743,0.0486,0.0630,4.0,50.7,0.993,0.004,0.003,143.3,0.503,0.0000
fig8,fixed20,10,337,202.4,0.0483,0.4743,0.0541,0.0620,4.0,125.0,0.000,0.000,0.000,142.9,0.501,0.0000
hover,v3,15,337,202.5,0.0035,0.0573,0.0000,0.0730,4.0,50.4,0.994,0.003,0.003,144.2,0.506,0.0000
hover,fixed20,15,337,203.0,0.0035,0.0573,0.0000,0.0710,4.0,126.9,0.000,0.000,0.000,144.5,0.507,0.0000
step,v3,15,337,202.3,0.0153,0.2746,0.0003,0.0730,4.0,51.0,0.994,0.003,0.003,144.0,0.505,0.0000
step,fixed20,15,337,207.9,0.0157,0.2803,0.0004,0.0710,4.0,127.6,0.000,0.000,0.000,148.0,0.519,0.0000
circle,v3,15,337,202.4,16636.3260,36916.9420,33473.6725,0.9970,19.1,219.5,0.993,0.004,0.003,144.1,0.506,0.6719
circle,fixed20,15,337,199.3,9344.5851,18692.2462,17635.7809,0.9990,7.9,235.8,0.000,0.000,0.000,141.9,0.498,0.4384
fig8,v3,15,337,199.1,0.0458,0.4743,0.0484,0.0730,4.0,48.9,0.993,0.004,0.003,141.7,0.497,0.0000
fig8,fixed20,15,337,200.8,0.0481,0.4743,0.0540,0.0720,4.0,125.2,0.000,0.000,0.000,142.9,0.502,0.0000
hover,v3,20,337,196.8,0.0035,0.0573,0.0000,0.0830,4.0,50.4,0.994,0.003,0.003,141.2,0.496,0.0000
hover,fixed20,20,337,201.7,0.0035,0.0573,0.0000,0.0810,4.0,126.2,0.000,0.000,0.000,144.8,0.508,0.0000
step,v3,20,337,197.1,0.0153,0.2746,0.0003,0.0830,4.0,50.7,0.994,0.003,0.003,141.5,0.496,0.0000
step,fixed20,20,337,197.0,0.0157,0.2803,0.0004,0.0810,4.0,127.2,0.000,0.000,0.000,141.4,0.496,0.0000
circle,v3,20,337,194.4,16636.3260,36916.9420,33473.6725,0.9970,19.0,213.5,0.993,0.004,0.003,139.6,0.490,0.6719
circle,fixed20,20,337,195.2,9344.5851,18692.2462,17635.7809,0.9990,7.9,232.9,0.000,0.000,0.000,140.1,0.492,0.4384
fig8,v3,20,337,195.7,0.0469,0.4743,0.0486,0.0830,4.0,49.3,0.993,0.004,0.003,140.5,0.493,0.0000
fig8,fixed20,20,337,197.6,10749.2239,23646.9919,21362.5208,0.9930,7.7,233.2,0.000,0.000,0.000,141.8,0.498,0.4558
hover,v3,30,337,191.7,0.0035,0.0573,0.0000,0.1230,4.0,50.5,0.994,0.003,0.003,142.4,0.499,0.0000
hover,fixed20,30,337,189.9,0.0035,0.0573,0.0000,0.1210,4.0,125.9,0.000,0.000,0.000,141.0,0.495,0.0000
step,v3,30,337,192.7,0.0153,0.2746,0.0003,0.1230,4.0,50.6,0.994,0.003,0.003,143.1,0.502,0.0000
step,fixed20,30,337,194.7,0.0157,0.2803,0.0004,0.1210,4.0,127.4,0.000,0.000,0.000,144.6,0.507,0.0000
circle,v3,30,337,192.1,16636.3260,36916.9420,33473.6725,0.9970,19.0,218.0,0.993,0.004,0.003,142.7,0.501,0.6719
circle,fixed20,30,337,189.7,9344.5851,18692.2462,17635.7809,0.9990,7.4,218.1,0.000,0.000,0.000,140.9,0.494,0.4384
fig8,v3,30,337,193.5,4.0284,41.5723,0.9925,0.1560,4.8,50.6,0.993,0.004,0.003,143.8,0.504,0.0235
fig8,fixed20,30,337,192.1,34.8087,211.1278,81.9262,0.2040,4.5,125.5,0.000,0.000,0.000,142.7,0.501,0.0111
hover,v3,5,338,202.0,0.0261,0.3750,0.0021,0.0530,4.0,50.5,0.994,0.003,0.003,141.5,0.496,0.0006
hover,fixed20,5,338,207.4,0.0038,0.0548,0.0001,0.0510,4.0,126.7,0.000,0.000,0.000,145.2,0.510,0.0000
step,v3,5,338,205.1,0.0300,0.3750,0.0053,0.0530,4.1,50.5,0.994,0.003,0.003,143.6,0.504,0.0006
step,fixed20,5,338,206.6,0.0157,0.2803,0.0011,0.0510,4.0,127.0,0.000,0.000,0.000,144.7,0.508,0.0000
circle,v3,5,338,206.8,0.1480,1.5586,0.0441,0.0560,4.1,50.7,0.993,0.004,0.003,144.8,0.508,0.0037
circle,fixed20,5,338,209.9,3986.9169,8387.1237,8198.0172,0.9990,8.0,241.4,0.000,0.000,0.000,147.0,0.516,0.2827
fig8,v3,5,338,204.1,0.1326,1.5673,0.0486,0.0540,4.2,50.9,0.993,0.004,0.003,142.9,0.501,0.0025
fig8,fixed20,5,338,202.1,4377.8402,9668.9454,8761.7409,0.9800,7.5,235.7,0.000,0.000,0.000,141.5,0.497,0.1661
hover,v3,10,338,196.6,0.2634,2.3069,0.0464,0.1030,4.3,49.0,0.994,0.003,0.003,143.6,0.504,0.0040
hover,fixed20,10,338,195.3,2583.0437,6446.9208,5666.1496,0.8350,7.2,233.9,0.000,0.000,0.000,142.6,0.500,0.1326
step,v3,10,338,194.6,0.2802,2.3069,0.0820,0.1040,4.3,49.2,0.994,0.003,0.003,142.1,0.499,0.0041
step,fixed20,10,338,193.0,2583.5827,6448.0457,5667.5520,0.8350,7.1,233.4,0.000,0.000,0.000,140.9,0.494,0.1327
circle,v3,10,338,195.3,0.2940,2.2985,0.1296,0.1060,4.3,49.3,0.993,0.004,0.003,142.6,0.500,0.0062
circle,fixed20,10,338,192.8,1367.1198,3468.8004,2891.5830,0.9990,7.9,234.0,0.000,0.000,0.000,140.8,0.494,0.2394
fig8,v3,10,338,199.0,6933.9224,14922.4033,13604.5811,0.9840,19.7,220.4,0.993,0.004,0.003,145.3,0.510,0.1776
fig8,fixed20,10,338,189.5,4331.0836,9744.4981,8780.5239,0.9820,7.5,230.6,0.000,0.000,0.000,138.4,0.485,0.1632
hover,v3,15,338,180.4,0.4811,3.4944,0.1565,0.1530,4.4,48.9,0.994,0.003,0.003,137.6,0.483,0.0057
hover,fixed20,15,338,182.4,11955.3796,26771.7842,24092.1629,0.9810,7.4,225.6,0.000,0.000,0.000,139.1,0.488,0.4841
step,v3,15,338,182.8,0.4951,3.6038,0.2128,0.1530,4.4,48.9,0.994,0.003,0.003,139.4,0.489,0.0056
step,fixed20,15,338,189.0,11997.2876,26869.4794,24179.9873,0.9810,7.8,238.6,0.000,0.000,0.000,144.1,0.506,0.4841
circle,v3,15,338,187.4,0.3698,2.9697,0.4765,0.1560,4.4,50.8,0.993,0.004,0.003,142.9,0.501,0.0064
circle,fixed20,15,338,187.7,3986.9169,8387.1237,8198.0172,0.9990,7.9,238.2,0.000,0.000,0.000,143.1,0.502,0.2827
fig8,v3,15,338,185.7,6933.9224,14922.4033,13604.5811,0.9840,18.7,216.8,0.993,0.004,0.003,141.6,0.497,0.1776
fig8,fixed20,15,338,189.8,4331.0836,9744.4981,8780.5239,0.9820,7.9,238.1,0.000,0.000,0.000,144.7,0.508,0.1632
hover,v3,20,338,179.2,12859.8837,29365.2513,26377.8951,0.9810,18.6,217.5,0.994,0.003,0.003,143.0,0.502,0.6303
hover,fixed20,20,338,178.6,4181.4140,9474.5988,8524.4969,0.9820,7.7,238.7,0.000,0.000,0.000,142.5,0.500,0.1611
step,v3,20,338,178.4,4062.7508,9228.1109,8298.5407,0.9750,18.6,216.3,0.994,0.003,0.003,142.4,0.500,0.5235
step,fixed20,20,338,180.0,4181.7783,9475.0966,8524.9946,0.9820,7.3,220.9,0.000,0.000,0.000,143.6,0.504,0.1611
circle,v3,20,338,177.1,5007.1726,11217.6855,10114.5185,0.9840,18.6,217.6,0.993,0.004,0.003,141.4,0.496,0.5615
circle,fixed20,20,338,175.7,3986.9169,8387.1237,8198.0172,0.9990,7.7,234.2,0.000,0.000,0.000,140.2,0.492,0.2827
fig8,v3,20,338,173.7,6933.9224,14922.4033,13604.5811,0.9840,18.7,210.3,0.993,0.004,0.003,138.6,0.486,0.1776
fig8,fixed20,20,338,175.5,4331.0836,9744.4981,8780.5239,0.9820,7.6,234.2,0.000,0.000,0.000,140.1,0.491,0.1632
hover,v3,30,338,166.8,5813.6177,13216.9902,11883.6608,0.9810,19.4,220.7,0.994,0.003,0.003,142.4,0.500,0.5183
hover,fixed20,30,338,163.7,4181.4140,9474.5988,8524.4969,0.9820,7.7,233.8,0.000,0.000,0.000,139.8,0.490,0.1611
step,v3,30,338,163.6,16873.4238,39462.2358,35294.8985,0.9790,18.9,213.0,0.994,0.003,0.003,139.7,0.490,0.7742
step,fixed20,30,338,164.3,4181.7783,9475.0966,8524.9946,0.9820,7.0,214.2,0.000,0.000,0.000,140.3,0.492,0.1611
circle,v3,30,338,169.3,4662.8446,11238.7575,9968.2906,0.9620,19.4,221.5,0.993,0.004,0.003,144.6,0.507,0.5731
circle,fixed20,30,338,165.8,3986.9169,8387.1237,8198.0172,0.9990,7.9,235.3,0.000,0.000,0.000,141.6,0.497,0.2827
fig8,v3,30,338,164.5,6933.9224,14922.4033,13604.5811,0.9840,19.2,216.9,0.993,0.004,0.003,140.4,0.493,0.1776
fig8,fixed20,30,338,164.3,4331.0836,9744.4981,8780.5239,0.9820,7.9,232.5,0.000,0.000,0.000,140.3,0.492,0.1632
hover,v3,5,339,206.7,0.0037,0.0612,0.0000,0.0280,4.0,48.8,0.994,0.003,0.003,141.8,0.498,0.0000
hover,fixed20,5,339,207.3,0.0037,0.0612,0.0000,0.0260,4.0,124.2,0.000,0.000,0.000,142.3,0.499,0.0000
step,v3,5,339,204.9,0.0153,0.2746,0.0003,0.0280,4.0,48.7,0.994,0.003,0.003,140.6,0.493,0.0000
step,fixed20,5,339,204.6,0.0157,0.2803,0.0003,0.0260,4.0,127.3,0.000,0.000,0.000,140.4,0.493,0.0000
circle,v3,5,339,212.3,0.1401,1.5870,0.0426,0.0310,4.1,50.8,0.993,0.004,0.003,145.7,0.511,0.0023
circle,fixed20,5,339,208.7,10469.8600,20052.6360,19163.4458,0.9990,7.9,238.6,0.000,0.000,0.000,143.2,0.502,0.4895
fig8,v3,5,339,209.3,0.0446,0.4591,0.0484,0.0280,4.0,48.9,0.993,0.004,0.003,143.6,0.504,0.0000
fig8,fixed20,5,339,207.4,0.0471,0.4591,0.0540,0.0260,4.0,124.3,0.000,0.000,0.000,142.3,0.499,0.0000
hover,v3,10,339,202.1,0.0037,0.0612,0.0000,0.0530,4.0,49.1,0.994,0.003,0.003,141.5,0.497,0.0000
hover,fixed20,10,339,204.6,0.0037,0.0612,0.0000,0.0510,4.0,126.7,0.000,0.000,0.000,143.3,0.503,0.0000
step,v3,10,339,211.5,0.0153,0.2746,0.0003,0.0530,4.0,50.9,0.994,0.003,0.003,148.1,0.520,0.0000
step,fixed20,10,339,209.5,0.0157,0.2803,0.0003,0.0510,4.0,127.5,0.000,0.000,0.000,146.7,0.515,0.0000
circle,v3,10,339,202.9,0.1401,1.5870,0.0427,0.0560,4.1,50.6,0.993,0.004,0.003,142.1,0.499,0.0023
circle,fixed20,10,339,206.4,10469.8600,20052.6360,19163.4458,0.9990,7.9,239.8,0.000,0.000,0.000,144.5,0.507,0.4895
fig8,v3,10,339,207.3,0.0446,0.4591,0.0486,0.0530,4.0,50.8,0.993,0.004,0.003,145.1,0.509,0.0000
fig8,fixed20,10,339,205.7,4404.7323,9716.1023,8777.4587,0.9890,7.9,240.6,0.000,0.000,0.000,144.0,0.505,0.1548
hover,v3,15,339,204.3,0.0037,0.0612,0.0000,0.0780,4.0,50.4,0.994,0.003,0.003,146.1,0.512,0.0000
hover,fixed20,15,339,203.0,0.0037,0.0612,0.0000,0.0760,4.0,126.7,0.000,0.000,0.000,145.1,0.509,0.0000
step,v3,15,339,198.5,0.0153,0.2746,0.0003,0.0780,4.0,50.8,0.994,0.003,0.003,141.9,0.498,0.0000
step,fixed20,15,339,199.3,0.0157,0.2803,0.0003,0.0760,4.0,126.3,0.000,0.000,0.000,142.5,0.500,0.0000
circle,v3,15,339,202.5,0.1401,1.5870,0.0428,0.0810,4.1,50.5,0.993,0.004,0.003,144.8,0.508,0.0023
circle,fixed20,15,339,199.0,10469.8600,20052.6360,19163.4458,0.9990,7.9,236.8,0.000,0.000,0.000,142.3,0.499,0.4895
fig8,v3,15,339,197.3,0.0447,0.4591,0.0486,0.0780,4.0,50.8,0.993,0.004,0.003,141.1,0.495,0.0000
fig8,fixed20,15,339,201.4,0.0472,0.4591,0.0540,0.0760,4.0,127.7,0.000,0.000,0.000,144.0,0.505,0.0000
hover,v3,20,339,197.1,0.0037,0.0612,0.0000,0.1030,4.0,50.7,0.994,0.003,0.003,143.9,0.505,0.0000
hover,fixed20,20,339,194.1,0.0037,0.0612,0.0000,0.1010,4.0,127.5,0.000,0.000,0.000,141.7,0.497,0.0000
step,v3,20,339,199.1,0.0153,0.2746,0.0003,0.1030,4.0,50.5,0.994,0.003,0.003,145.3,0.510,0.0000
step,fixed20,20,339,192.6,0.0157,0.2803,0.0003,0.1010,4.0,124.7,0.000,0.000,0.000,140.6,0.493,0.0000
circle,v3,20,339,192.2,0.1402,1.5870,0.0434,0.1060,4.1,48.8,0.993,0.004,0.003,140.4,0.492,0.0023
circle,fixed20,20,339,197.9,10469.8600,20052.6360,19163.4458,0.9990,8.0,234.9,0.000,0.000,0.000,144.5,0.507,0.4895
fig8,v3,20,339,192.7,0.0481,0.4591,0.0486,0.1030,4.0,49.1,0.993,0.004,0.003,140.7,0.494,0.0000
fig8,fixed20,20,339,190.8,4133.0513,11971.4859,10041.8590,0.6580,6.2,211.1,0.000,0.000,0.000,139.3,0.489,0.0907
hover,v3,30,339,181.3,0.0037,0.0612,0.0001,0.1530,4.0,49.7,0.994,0.003,0.003,138.3,0.485,0.0000
hover,fixed20,30,339,187.1,0.0037,0.0612,0.0001,0.1510,4.0,124.2,0.000,0.000,0.000,142.7,0.501,0.0000
step,v3,30,339,187.9,0.0153,0.2746,0.0005,0.1530,4.0,48.8,0.994,0.003,0.003,143.3,0.503,0.0000
step,fixed20,30,339,186.0,0.0157,0.2803,0.0006,0.1510,4.0,128.8,0.000,0.000,0.000,141.9,0.498,0.0000
circle,v3,30,339,191.7,0.1888,1.5870,0.0693,0.1570,4.2,50.7,0.993,0.004,0.003,146.2,0.513,0.0040
circle,fixed20,30,339,189.4,10469.8600,20052.6360,19163.4458,0.9990,7.9,239.5,0.000,0.000,0.000,144.4,0.507,0.4895
fig8,v3,30,339,187.3,2349.3454,7111.6054,5862.8356,0.6500,12.7,215.3,0.993,0.004,0.003,142.9,0.501,0.3488
fig8,fixed20,30,339,187.0,1181.2326,3423.7347,2868.2558,0.6610,6.2,215.7,0.000,0.000,0.000,142.6,0.500,0.0939
hover,v3,5,340,208.2,0.0029,0.0447,0.0000,0.0280,4.0,50.5,0.994,0.003,0.003,142.8,0.501,0.0000
hover,fixed20,5,340,208.1,0.0029,0.0447,0.0000,0.0260,4.0,127.2,0.000,0.000,0.000,142.8,0.501,0.0000
step,v3,5,340,210.2,0.0151,0.2746,0.0004,0.0280,4.0,50.7,0.994,0.003,0.003,144.2,0.506,0.0000
step,fixed20,5,340,207.7,0.0155,0.2803,0.0003,0.0260,4.0,127.3,0.000,0.000,0.000,142.5,0.500,0.0000
circle,v3,5,340,209.9,0.1360,1.5406,0.0426,0.0310,4.1,51.0,0.993,0.004,0.003,144.0,0.505,0.0022
circle,fixed20,5,340,208.6,12981.9158,30166.4391,27316.9253,0.9990,7.9,238.7,0.000,0.000,0.000,143.1,0.502,0.4544
fig8,v3,5,340,209.8,0.3810,3.8038,0.0486,0.0340,4.2,50.8,0.993,0.004,0.003,144.0,0.505,0.0057
fig8,fixed20,5,340,204.6,7679.3161,10628.3319,10609.5712,0.9990,7.3,215.3,0.000,0.000,0.000,140.4,0.493,0.1867
hover,v3,10,340,203.0,0.0029,0.0447,0.0000,0.0530,4.0,50.4,0.994,0.003,0.003,142.2,0.499,0.0000
hover,fixed20,10,340,209.1,0.0029,0.0447,0.0000,0.0510,4.0,126.5,0.000,0.000,0.000,146.4,0.514,0.0000
step,v3,10,340,204.8,0.0151,0.2746,0.0004,0.0530,4.0,50.6,0.994,0.003,0.003,143.4,0.503,0.0000
step,fixed20,10,340,205.7,0.0155,0.2803,0.0003,0.0510,4.0,126.8,0.000,0.000,0.000,144.1,0.505,0.0000
circle,v3,10,340,205.9,0.1360,1.5406,0.0427,0.0560,4.1,50.9,0.993,0.004,0.003,144.2,0.506,0.0022
circle,fixed20,10,340,207.7,12981.9158,30166.4391,27316.9253,0.9990,8.0,238.2,0.000,0.000,0.000,145.5,0.510,0.4544
fig8,v3,10,340,208.2,0.3815,3.8038,0.0493,0.0590,4.3,50.9,0.993,0.004,0.003,145.8,0.512,0.0057
fig8,fixed20,10,340,204.3,7679.3161,10628.3319,10609.5712,0.9990,7.7,239.4,0.000,0.000,0.000,143.0,0.502,0.1867
hover,v3,15,340,195.3,0.0029,0.0447,0.0000,0.0780,4.0,48.8,0.994,0.003,0.003,139.6,0.490,0.0000
hover,fixed20,15,340,196.2,0.0029,0.0447,0.0000,0.0760,4.0,124.9,0.000,0.000,0.000,140.3,0.492,0.0000
step,v3,15,340,196.3,0.0151,0.2746,0.0004,0.0780,4.0,49.2,0.994,0.003,0.003,140.4,0.492,0.0000
step,fixed20,15,340,196.2,0.0155,0.2803,0.0003,0.0760,4.0,125.1,0.000,0.000,0.000,140.3,0.492,0.0000
circle,v3,15,340,193.0,693.5081,2681.8118,1932.8800,0.3940,9.5,49.3,0.993,0.004,0.003,138.0,0.484,0.2018
circle,fixed20,15,340,198.9,12981.9158,30166.4391,27316.9253,0.9990,7.6,237.8,0.000,0.000,0.000,142.2,0.499,0.4544
fig8,v3,15,340,203.3,0.5241,3.8038,0.4751,0.0840,4.5,50.8,0.993,0.004,0.003,145.4,0.510,0.0100
fig8,fixed20,15,340,199.7,7679.3161,10628.3319,10609.5712,0.9990,7.8,238.3,0.000,0.000,0.000,142.7,0.501,0.1867
hover,v3,20,340,196.6,0.0029,0.0447,0.0000,0.1030,4.0,50.7,0.994,0.003,0.003,143.5,0.504,0.0000
hover,fixed20,20,340,195.9,0.0029,0.0447,0.0000,0.1010,4.0,127.2,0.000,0.000,0.000,143.0,0.502,0.0000
step,v3,20,340,199.1,0.0151,0.2746,0.0004,0.1030,4.0,48.9,0.994,0.003,0.003,145.4,0.510,0.0000
step,fixed20,20,340,194.7,0.0155,0.2803,0.0003,0.1010,4.0,125.1,0.000,0.000,0.000,142.2,0.499,0.0000
circle,v3,20,340,194.6,801.8641,3454.2678,2279.4974,0.3860,9.6,50.1,0.993,0.004,0.003,142.1,0.498,0.2246
circle,fixed20,20,340,191.0,12981.9158,30166.4391,27316.9253,0.9990,7.5,219.0,0.000,0.000,0.000,139.5,0.489,0.4544
fig8,v3,20,340,196.8,717.7272,2637.5799,1965.0319,0.4130,10.4,50.9,0.993,0.004,0.003,143.7,0.504,0.1409
fig8,fixed20,20,340,192.9,7679.3161,10628.3319,10609.5712,0.9990,7.7,235.1,0.000,0.000,0.000,140.9,0.494,0.1867
hover,v3,30,340,188.8,0.0029,0.0447,0.0000,0.1530,4.0,48.8,0.994,0.003,0.003,144.0,0.505,0.0000
hover,fixed20,30,340,184.6,0.0029,0.0447,0.0000,0.1510,4.0,124.2,0.000,0.000,0.000,140.8,0.494,0.0000
step,v3,30,340,185.3,0.0151,0.2746,0.0004,0.1530,4.0,50.5,0.994,0.003,0.003,141.3,0.496,0.0000
step,fixed20,30,340,192.4,0.0155,0.2803,0.0003,0.1510,4.0,126.0,0.000,0.000,0.000,146.7,0.515,0.0000
circle,v3,30,340,189.8,326.7682,1071.8581,851.3246,0.4420,10.1,51.8,0.993,0.004,0.003,144.7,0.508,0.1498
circle,fixed20,30,340,191.0,12981.9158,30166.4391,27316.9253,0.9990,8.0,240.9,0.000,0.000,0.000,145.6,0.511,0.4544
fig8,v3,30,340,190.9,756.1624,2709.1307,2047.7473,0.4430,10.3,51.9,0.993,0.004,0.003,145.6,0.511,0.0699
fig8,fixed20,30,340,186.9,7679.3161,10628.3319,10609.5712,0.9990,7.9,235.2,0.000,0.000,0.000,142.6,0.500,0.1867
hover,v3,5,341,199.5,0.0011,0.0164,0.0000,0.0430,4.0,48.9,0.994,0.003,0.003,138.6,0.486,0.0000
hover,fixed20,5,341,201.3,0.0011,0.0164,0.0000,0.0410,4.0,124.0,0.000,0.000,0.000,139.8,0.491,0.0000
step,v3,5,341,206.4,0.0149,0.2746,0.0003,0.0430,4.0,49.0,0.994,0.003,0.003,143.3,0.503,0.0000
step,fixed20,5,341,202.7,0.0153,0.2803,0.0002,0.0410,4.0,124.4,0.000,0.000,0.000,140.8,0.494,0.0000
circle,v3,5,341,203.4,7550.0828,16687.6964,15094.7817,0.9970,19.4,215.4,0.993,0.004,0.003,141.3,0.496,0.5826
circle,fixed20,5,341,203.1,4871.1189,10972.5916,9787.3836,0.9990,7.4,217.0,0.000,0.000,0.000,141.0,0.495,0.4770
fig8,v3,5,341,205.0,19365.9828,40980.6430,37634.6165,0.9990,18.9,218.0,0.993,0.004,0.003,142.4,0.500,0.1897
fig8,fixed20,5,341,204.7,0.0488,0.5036,0.0540,0.0410,4.0,127.4,0.000,0.000,0.000,142.2,0.499,0.0000
hover,v3,10,341,199.6,0.0011,0.0164,0.0000,0.0810,4.0,51.0,0.994,0.003,0.003,143.0,0.502,0.0000
hover,fixed20,10,341,199.2,0.0011,0.0164,0.0000,0.0790,4.0,127.0,0.000,0.000,0.000,142.7,0.501,0.0000
step,v3,10,341,197.6,0.0149,0.2746,0.0003,0.0810,4.0,48.9,0.994,0.003,0.003,141.6,0.497,0.0000
step,fixed20,10,341,199.5,0.0153,0.2803,0.0002,0.0790,4.0,124.2,0.000,0.000,0.000,143.0,0.502,0.0000
circle,v3,10,341,200.4,7550.0828,16687.6964,15094.7817,0.9970,19.0,218.2,0.993,0.004,0.003,143.6,0.504,0.5826
circle,fixed20,10,341,201.8,4852.0737,10909.2722,9917.7429,0.9990,7.9,238.5,0.000,0.000,0.000,144.6,0.507,0.4649
fig8,v3,10,341,199.6,0.0463,0.5036,0.0484,0.0810,4.0,49.4,0.993,0.004,0.003,143.1,0.502,0.0000
fig8,fixed20,10,341,198.8,0.0488,0.5036,0.0540,0.0790,4.0,124.6,0.000,0.000,0.000,142.5,0.500,0.0000
hover,v3,15,341,193.1,0.0011,0.0164,0.0000,0.1080,4.0,49.0,0.994,0.003,0.003,141.6,0.497,0.0000
hover,fixed20,15,341,193.7,0.0011,0.0164,0.0000,0.1060,4.0,125.3,0.000,0.000,0.000,142.0,0.498,0.0000
step,v3,15,341,198.8,0.0149,0.2746,0.0003,0.1080,4.0,49.3,0.994,0.003,0.003,145.7,0.511,0.0000
step,fixed20,15,341,194.6,0.0153,0.2803,0.0002,0.1060,4.0,125.4,0.000,0.000,0.000,142.7,0.501,0.0000
circle,v3,15,341,194.9,5606.7917,12166.5889,11050.8973,0.9950,19.9,220.8,0.993,0.004,0.003,142.9,0.502,0.5742
circle,fixed20,15,341,194.8,4852.0737,10909.2722,9917.7429,0.9990,7.9,238.0,0.000,0.000,0.000,142.8,0.501,0.4649
fig8,v3,15,341,196.6,0.0462,0.5036,0.0484,0.1080,4.0,49.3,0.993,0.004,0.003,144.2,0.506,0.0000
fig8,fixed20,15,341,192.3,5582.8483,15597.2647,13252.2037,0.6850,6.5,224.1,0.000,0.000,0.000,141.0,0.495,0.1352
hover,v3,20,341,193.3,0.0011,0.0164,0.0000,0.1230,4.0,49.0,0.994,0.003,0.003,143.6,0.504,0.0000
hover,fixed20,20,341,198.1,0.0011,0.0164,0.0000,0.1210,4.0,124.7,0.000,0.000,0.000,147.1,0.516,0.0000
step,v3,20,341,192.9,0.0149,0.2746,0.0003,0.1230,4.0,48.7,0.994,0.003,0.003,143.2,0.503,0.0000
step,fixed20,20,341,194.6,0.0153,0.2803,0.0002,0.1210,4.0,125.0,0.000,0.000,0.000,144.6,0.507,0.0000
circle,v3,20,341,191.7,5606.7917,12166.5889,11050.8973,0.9950,19.7,221.4,0.993,0.004,0.003,142.4,0.500,0.5742
circle,fixed20,20,341,191.1,5239.3137,10956.2328,10143.0779,0.9990,8.0,234.3,0.000,0.000,0.000,142.0,0.498,0.4631
fig8,v3,20,341,200.5,0.0808,0.8823,0.0486,0.1230,4.1,49.0,0.993,0.004,0.003,148.9,0.522,0.0018
fig8,fixed20,20,341,188.9,1430.7396,3997.5732,3393.0614,0.6880,6.5,232.6,0.000,0.000,0.000,140.3,0.492,0.1015
hover,v3,30,341,180.4,0.0011,0.0164,0.0000,0.1830,4.0,48.8,0.994,0.003,0.003,141.3,0.496,0.0000
hover,fixed20,30,341,184.0,0.0011,0.0164,0.0000,0.1810,4.0,127.6,0.000,0.000,0.000,144.1,0.506,0.0000
step,v3,30,341,186.2,0.0149,0.2746,0.0003,0.1830,4.0,50.6,0.994,0.003,0.003,145.9,0.512,0.0000
step,fixed20,30,341,187.0,0.0153,0.2803,0.0002,0.1810,4.0,126.8,0.000,0.000,0.000,146.5,0.514,0.0000
circle,v3,30,341,187.3,4982.2358,14931.6232,12361.6146,0.6870,14.1,221.1,0.993,0.004,0.003,146.8,0.515,0.5283
circle,fixed20,30,341,189.6,18457.7436,44879.2993,39719.3250,0.9990,7.9,238.9,0.000,0.000,0.000,148.6,0.521,0.4452
fig8,v3,30,341,185.5,2905.2559,8489.3352,7096.9496,0.6750,13.3,218.3,0.993,0.004,0.003,145.4,0.510,0.0859
fig8,fixed20,30,341,186.7,1370.1395,3877.3336,3278.8521,0.6880,6.5,237.0,0.000,0.000,0.000,146.3,0.513,0.1022
hover,v3,5,342,200.7,0.1038,1.2867,0.0016,0.0580,4.1,48.9,0.994,0.003,0.003,141.1,0.495,0.0021
hover,fixed20,5,342,205.0,4211.2939,9493.1436,8552.6886,0.9880,7.8,240.5,0.000,0.000,0.000,144.1,0.506,0.1361
step,v3,5,342,205.3,0.1049,1.2867,0.0059,0.0580,4.1,50.6,0.994,0.003,0.003,144.4,0.507,0.0021
step,fixed20,5,342,205.5,4211.6592,9493.6391,8553.1839,0.9880,7.9,241.0,0.000,0.000,0.000,144.5,0.507,0.1361
circle,v3,5,342,202.3,9071.3041,20196.5990,18241.2308,0.9980,19.0,216.1,0.993,0.004,0.003,142.2,0.499,0.6044
circle,fixed20,5,342,201.0,19664.0686,44496.3735,40257.0285,0.9990,7.6,228.2,0.000,0.000,0.000,141.4,0.496,0.5225
fig8,v3,5,342,200.3,0.4341,3.7105,0.0487,0.0590,4.3,49.1,0.993,0.004,0.003,140.9,0.494,0.0086
fig8,fixed20,5,342,201.3,7234.5518,15877.6208,14429.9074,0.9920,7.9,234.8,0.000,0.000,0.000,141.5,0.497,0.1619
hover,v3,10,342,194.5,3257.2429,6942.4564,6317.5487,0.9680,19.4,220.1,0.994,0.003,0.003,142.0,0.498,0.4619
hover,fixed20,10,342,192.1,5035.5726,10789.5946,9902.6374,0.9880,7.5,229.1,0.000,0.000,0.000,140.3,0.492,0.1240
step,v3,10,342,195.8,10059.8582,22877.3210,20568.2825,0.9830,18.6,217.9,0.994,0.003,0.003,143.0,0.502,0.6395
step,fixed20,10,342,196.2,5035.8617,10790.0103,9903.0452,0.9880,7.7,240.0,0.000,0.000,0.000,143.2,0.503,0.1240
circle,v3,10,342,196.5,9071.3041,20196.5990,18241.2308,0.9980,19.0,217.4,0.993,0.004,0.003,143.5,0.503,0.6044
circle,fixed20,10,342,197.7,21258.5010,49481.6429,44301.9363,0.9990,7.9,234.2,0.000,0.000,0.000,144.4,0.507,0.5306
fig8,v3,10,342,199.2,13858.7998,30895.6365,27892.3341,0.9940,19.9,220.7,0.993,0.004,0.003,145.4,0.510,0.3870
fig8,fixed20,10,342,200.0,7234.5518,15877.6208,14429.9074,0.9920,8.0,237.1,0.000,0.000,0.000,146.0,0.512,0.1619
hover,v3,15,342,181.5,19984.8707,45510.4447,40906.3075,0.9900,18.7,210.9,0.994,0.003,0.003,138.4,0.486,0.8370
hover,fixed20,15,342,186.6,4372.1368,9854.5117,8876.1599,0.9920,7.9,235.9,0.000,0.000,0.000,142.3,0.499,0.1621
step,v3,15,342,185.6,19985.2357,45510.9445,40906.8073,0.9900,19.4,219.8,0.994,0.003,0.003,141.6,0.497,0.8370
step,fixed20,15,342,185.9,4372.5018,9855.0091,8876.6570,0.9920,7.9,235.2,0.000,0.000,0.000,141.8,0.498,0.1621
circle,v3,15,342,184.1,9071.3041,20196.5990,18241.2308,0.9980,19.5,218.4,0.993,0.004,0.003,140.4,0.493,0.6044
circle,fixed20,15,342,185.4,21258.5010,49481.6429,44301.9363,0.9990,7.9,229.6,0.000,0.000,0.000,141.4,0.496,0.5306
fig8,v3,15,342,185.0,13858.7998,30895.6365,27892.3341,0.9940,19.6,219.4,0.993,0.004,0.003,141.1,0.495,0.3870
fig8,fixed20,15,342,186.7,7234.5518,15877.6208,14429.9074,0.9920,7.9,234.9,0.000,0.000,0.000,142.4,0.500,0.1619
hover,v3,20,342,175.5,4494.7273,10087.1615,9094.9610,0.9940,19.0,216.4,0.994,0.003,0.003,140.1,0.491,0.1639
hover,fixed20,20,342,181.6,4372.1368,9854.5117,8876.1599,0.9920,7.9,240.7,0.000,0.000,0.000,144.9,0.509,0.1621
step,v3,20,342,178.7,4495.0930,10087.6576,9095.4568,0.9940,18.7,216.7,0.994,0.003,0.003,142.7,0.501,0.1639
step,fixed20,20,342,180.6,4372.5018,9855.0091,8876.6570,0.9920,7.8,240.9,0.000,0.000,0.000,144.1,0.506,0.1621
circle,v3,20,342,178.3,9071.3041,20196.5990,18241.2308,0.9980,18.9,217.8,0.993,0.004,0.003,142.3,0.499,0.6044
circle,fixed20,20,342,178.2,21258.5010,49481.6429,44301.9363,0.9990,7.9,230.3,0.000,0.000,0.000,142.3,0.499,0.5306
fig8,v3,20,342,180.6,13858.7998,30895.6365,27892.3341,0.9940,19.1,218.4,0.993,0.004,0.003,144.2,0.506,0.3870
fig8,fixed20,20,342,178.9,9903.7749,21878.0290,19760.3771,0.9930,7.9,237.9,0.000,0.000,0.000,142.8,0.501,0.1834
hover,v3,30,342,165.6,17313.3993,40538.0072,36210.6329,0.9910,19.4,220.0,0.994,0.003,0.003,141.4,0.496,0.9235
hover,fixed20,30,342,165.4,4372.1368,9854.5117,8876.1599,0.9920,7.9,234.5,0.000,0.000,0.000,141.2,0.495,0.1621
step,v3,30,342,162.4,3511.2135,7830.4417,7056.0760,0.9920,18.7,210.8,0.994,0.003,0.003,138.7,0.487,0.2007
step,fixed20,30,342,163.7,4372.5018,9855.0091,8876.6570,0.9920,7.7,234.1,0.000,0.000,0.000,139.8,0.490,0.1621
circle,v3,30,342,164.7,9071.3041,20196.5990,18241.2308,0.9980,19.6,218.8,0.993,0.004,0.003,140.6,0.493,0.6044
circle,fixed20,30,342,168.1,21258.5010,49481.6429,44301.9363,0.9990,8.0,227.7,0.000,0.000,0.000,143.5,0.504,0.5306
fig8,v3,30,342,166.1,13858.7998,30895.6365,27892.3341,0.9940,19.6,220.4,0.993,0.004,0.003,141.8,0.498,0.3870
fig8,fixed20,30,342,167.0,13108.5463,29114.7511,26281.7892,0.9960,7.9,235.7,0.000,0.000,0.000,142.6,0.500,0.2720
hover,v3,5,343,204.9,0.0035,0.0562,0.0000,0.0380,4.0,49.0,0.994,0.003,0.003,141.7,0.497,0.0000
hover,fixed20,5,343,202.4,0.0036,0.0562,0.0000,0.0360,4.0,124.8,0.000,0.000,0.000,140.0,0.491,0.0000
step,v3,5,343,204.4,0.0153,0.2746,0.0004,0.0380,4.0,48.9,0.994,0.003,0.003,141.4,0.496,0.0000
step,fixed20,5,343,202.4,0.0157,0.2803,0.0004,0.0360,4.0,124.8,0.000,0.000,0.000,140.0,0.491,0.0000
circle,v3,5,343,204.1,0.1389,1.5738,0.0426,0.0410,4.1,48.7,0.993,0.004,0.003,141.2,0.495,0.0022
circle,fixed20,5,343,208.8,20967.2549,48428.7819,43513.8830,0.9990,7.9,232.1,0.000,0.000,0.000,144.4,0.507,0.5424
fig8,v3,5,343,204.2,0.0474,0.5269,0.0484,0.0380,4.0,48.9,0.993,0.004,0.003,141.2,0.496,0.0000
fig8,fixed20,5,343,201.2,0.0500,0.5269,0.0540,0.0400,4.1,122.1,0.000,0.000,0.000,139.2,0.488,0.0000
hover,v3,10,343,198.7,0.0035,0.0562,0.0000,0.0730,4.0,49.0,0.994,0.003,0.003,141.5,0.496,0.0000
hover,fixed20,10,343,198.5,0.0036,0.0562,0.0000,0.0710,4.0,124.6,0.000,0.000,0.000,141.3,0.496,0.0000
step,v3,10,343,201.9,0.0153,0.2746,0.0004,0.0730,4.0,50.6,0.994,0.003,0.003,143.7,0.504,0.0000
step,fixed20,10,343,201.2,0.0157,0.2803,0.0004,0.0710,4.0,126.6,0.000,0.000,0.000,143.2,0.503,0.0000
circle,v3,10,343,199.1,0.1389,1.5738,0.0428,0.0760,4.1,50.7,0.993,0.004,0.003,141.7,0.497,0.0022
circle,fixed20,10,343,202.4,20967.2549,48428.7819,43513.8830,0.9990,7.9,230.6,0.000,0.000,0.000,144.1,0.506,0.5424
fig8,v3,10,343,197.0,0.0475,0.5269,0.0484,0.0730,4.0,48.9,0.993,0.004,0.003,140.2,0.492,0.0000
fig8,fixed20,10,343,195.3,6278.6761,14089.1090,12702.1277,0.9960,7.5,216.4,0.000,0.000,0.000,139.0,0.488,0.1474
hover,v3,15,343,191.8,0.0035,0.0562,0.0000,0.1080,4.0,49.0,0.994,0.003,0.003,140.6,0.493,0.0000
hover,fixed20,15,343,193.1,0.0036,0.0562,0.0000,0.1060,4.0,124.5,0.000,0.000,0.000,141.6,0.497,0.0000
step,v3,15,343,190.9,0.0153,0.2746,0.0004,0.1080,4.0,48.8,0.994,0.003,0.003,140.0,0.491,0.0000
step,fixed20,15,343,190.7,0.0157,0.2803,0.0004,0.1060,4.0,124.6,0.000,0.000,0.000,139.8,0.491,0.0000
circle,v3,15,343,192.8,0.1393,1.5738,0.0448,0.1110,4.1,49.4,0.993,0.004,0.003,141.4,0.496,0.0022
circle,fixed20,15,343,190.1,20967.2549,48428.7819,43513.8830,0.9990,7.7,226.3,0.000,0.000,0.000,139.4,0.489,0.5424
fig8,v3,15,343,191.6,0.0536,0.5269,0.0486,0.1080,4.1,49.0,0.993,0.004,0.003,140.5,0.493,0.0000
fig8,fixed20,15,343,193.4,5325.5678,11687.6240,10945.8988,0.7390,6.8,233.2,0.000,0.000,0.000,141.8,0.498,0.2123
hover,v3,20,343,187.5,0.0036,0.0562,0.0001,0.1430,4.0,49.0,0.994,0.003,0.003,141.8,0.497,0.0000
hover,fixed20,20,343,188.0,0.0036,0.0562,0.0000,0.1410,4.0,124.5,0.000,0.000,0.000,142.1,0.499,0.0000
step,v3,20,343,187.5,0.0153,0.2746,0.0006,0.1430,4.0,48.9,0.994,0.003,0.003,141.8,0.497,0.0000
step,fixed20,20,343,186.6,0.0157,0.2803,0.0004,0.1410,4.0,123.5,0.000,0.000,0.000,141.0,0.495,0.0000
circle,v3,20,343,189.6,0.3686,3.5707,0.1107,0.1470,4.3,49.0,0.993,0.004,0.003,143.3,0.503,0.0054
circle,fixed20,20,343,184.9,19373.4050,43321.4030,39391.6570,0.9990,7.7,233.6,0.000,0.000,0.000,139.8,0.490,0.5414
fig8,v3,20,343,187.0,1.2030,8.4237,1.5606,0.1560,4.9,49.1,0.993,0.004,0.003,141.3,0.496,0.0194
fig8,fixed20,20,343,189.1,1810.6342,4852.6429,4178.7112,0.7410,6.6,237.6,0.000,0.000,0.000,143.0,0.502,0.1104
hover,v3,30,343,180.1,0.0106,0.1263,0.0016,0.1830,4.0,50.4,0.994,0.003,0.003,141.2,0.495,0.0000
hover,fixed20,30,343,185.8,0.0042,0.0562,0.0003,0.1810,4.0,126.4,0.000,0.000,0.000,145.6,0.511,0.0000
step,v3,30,343,185.3,0.0181,0.2746,0.0051,0.1830,4.0,50.6,0.994,0.003,0.003,145.2,0.509,0.0000
step,fixed20,30,343,181.9,0.0158,0.2803,0.0028,0.1810,4.0,127.0,0.000,0.000,0.000,142.5,0.500,0.0000
circle,v3,30,343,183.1,9990.0948,27844.5277,23736.5817,0.7430,14.2,216.6,0.993,0.004,0.003,143.5,0.503,0.2752
circle,fixed20,30,343,179.3,9322.9149,16146.5019,15411.7508,0.9990,7.2,215.0,0.000,0.000,0.000,140.5,0.493,0.5162
fig8,v3,30,343,187.4,2673.4276,7317.9599,6259.3364,0.7400,14.6,225.1,0.993,0.004,0.003,146.9,0.515,0.3174
fig8,fixed20,30,343,184.6,1879.9978,4922.7714,4263.5800,0.7600,6.9,239.3,0.000,0.000,0.000,144.7,0.508,0.1071
hover,v3,5,344,204.5,0.0032,0.0535,0.0000,0.0380,4.0,50.7,0.994,0.003,0.003,141.5,0.496,0.0000
hover,fixed20,5,344,206.1,0.0033,0.0535,0.0000,0.0360,4.0,127.3,0.000,0.000,0.000,142.5,0.500,0.0000
step,v3,5,344,207.4,0.0152,0.2746,0.0002,0.0380,4.0,50.8,0.994,0.003,0.003,143.5,0.504,0.0000
step,fixed20,5,344,217.9,0.0156,0.2803,0.0003,0.0360,4.0,126.9,0.000,0.000,0.000,150.7,0.529,0.0000
circle,v3,5,344,202.3,0.2112,1.8667,0.0427,0.0420,4.1,50.7,0.993,0.004,0.003,139.9,0.491,0.0035
circle,fixed20,5,344,204.3,10860.2220,24881.0988,22680.7287,0.9990,8.0,231.4,0.000,0.000,0.000,141.3,0.496,0.4803
fig8,v3,5,344,200.9,0.0443,0.4511,0.0484,0.0380,4.0,49.0,0.993,0.004,0.003,139.0,0.488,0.0000
fig8,fixed20,5,344,208.4,0.0468,0.4511,0.0540,0.0360,4.0,127.3,0.000,0.000,0.000,144.2,0.506,0.0000
hover,v3,10,344,201.4,0.0032,0.0535,0.0000,0.0730,4.0,50.4,0.994,0.003,0.003,143.4,0.503,0.0000
hover,fixed20,10,344,199.2,0.0033,0.0535,0.0000,0.0710,4.0,127.6,0.000,0.000,0.000,141.8,0.497,0.0000
step,v3,10,344,201.8,0.0152,0.2746,0.0002,0.0730,4.0,50.8,0.994,0.003,0.003,143.6,0.504,0.0000
step,fixed20,10,344,198.9,0.0156,0.2803,0.0003,0.0710,4.0,126.1,0.000,0.000,0.000,141.6,0.497,0.0000
circle,v3,10,344,196.2,0.2112,1.8667,0.0429,0.0770,4.1,50.5,0.993,0.004,0.003,139.7,0.490,0.0035
circle,fixed20,10,344,200.4,13263.4638,32918.0652,29062.9523,0.9990,7.8,237.5,0.000,0.000,0.000,142.7,0.501,0.4801
fig8,v3,10,344,201.8,0.0442,0.4511,0.0484,0.0730,4.0,50.9,0.993,0.004,0.003,143.7,0.504,0.0000
fig8,fixed20,10,344,202.5,0.0468,0.4511,0.0540,0.0710,4.0,127.3,0.000,0.000,0.000,144.1,0.506,0.0000
hover,v3,15,344,194.4,0.0032,0.0535,0.0000,0.1080,4.0,50.9,0.994,0.003,0.003,142.6,0.500,0.0000
hover,fixed20,15,344,192.2,0.0033,0.0535,0.0000,0.1060,4.0,126.6,0.000,0.000,0.000,141.0,0.495,0.0000
step,v3,15,344,194.7,0.0152,0.2746,0.0002,0.1080,4.0,50.9,0.994,0.003,0.003,142.8,0.501,0.0000
step,fixed20,15,344,193.4,0.0156,0.2803,0.0003,0.1060,4.0,127.2,0.000,0.000,0.000,141.8,0.498,0.0000
circle,v3,15,344,197.9,0.2155,1.8667,0.0615,0.1120,4.2,50.8,0.993,0.004,0.003,145.1,0.509,0.0035
circle,fixed20,15,344,195.7,13263.4638,32918.0652,29062.9523,0.9990,7.9,239.0,0.000,0.000,0.000,143.5,0.504,0.4801
fig8,v3,15,344,193.2,0.0571,0.4511,0.0486,0.1080,4.0,50.5,0.993,0.004,0.003,141.6,0.497,0.0000
fig8,fixed20,15,344,195.1,3003.7900,8042.3209,6962.5897,0.6820,6.3,216.8,0.000,0.000,0.000,143.1,0.502,0.1235
hover,v3,20,344,192.1,0.0032,0.0535,0.0000,0.1430,4.0,50.8,0.994,0.003,0.003,145.2,0.509,0.0000
hover,fixed20,20,344,188.3,0.0033,0.0535,0.0000,0.1410,4.0,126.9,0.000,0.000,0.000,142.3,0.499,0.0000
step,v3,20,344,191.3,0.0152,0.2746,0.0002,0.1430,4.0,51.0,0.994,0.003,0.003,144.6,0.507,0.0000
step,fixed20,20,344,191.3,0.0156,0.2803,0.0003,0.1410,4.0,127.1,0.000,0.000,0.000,144.6,0.507,0.0000
circle,v3,20,344,188.5,2852.3939,7490.1766,6373.7589,0.6940,13.8,216.2,0.993,0.004,0.003,142.5,0.500,0.1528
circle,fixed20,20,344,188.2,11299.6634,26200.6484,23773.8392,0.9990,7.7,238.4,0.000,0.000,0.000,142.3,0.499,0.4767
fig8,v3,20,344,188.9,4882.9757,12199.2593,10924.2817,0.6890,13.7,217.4,0.993,0.004,0.003,142.8,0.501,0.1811
fig8,fixed20,20,344,192.8,1661.4077,4504.4184,3861.9696,0.7050,6.7,239.3,0.000,0.000,0.000,145.7,0.511,0.1078
hover,v3,30,344,182.2,0.0032,0.0535,0.0000,0.2130,4.0,50.6,0.994,0.003,0.003,146.8,0.515,0.0000
hover,fixed20,30,344,177.3,0.0033,0.0535,0.0000,0.2110,4.0,126.3,0.000,0.000,0.000,142.8,0.501,0.0000
step,v3,30,344,185.0,0.0152,0.2746,0.0002,0.2130,4.0,50.5,0.994,0.003,0.003,149.0,0.523,0.0000
step,fixed20,30,344,175.1,0.0156,0.2803,0.0003,0.2110,4.0,123.3,0.000,0.000,0.000,141.1,0.495,0.0000
circle,v3,30,344,179.6,1601.9437,4498.6758,3815.2840,0.7030,14.7,221.0,0.993,0.004,0.003,144.7,0.508,0.3211
circle,fixed20,30,344,175.6,10860.2220,24881.0988,22680.7287,0.9990,7.9,234.9,0.000,0.000,0.000,141.5,0.497,0.4803
fig8,v3,30,344,172.3,3355.2447,9691.5599,8126.2614,0.7010,14.0,209.5,0.993,0.004,0.003,138.8,0.487,0.3629
fig8,fixed20,30,344,182.8,1650.5130,4505.8763,3856.7836,0.7050,6.7,239.3,0.000,0.000,0.000,147.3,0.517,0.1101
