task,method,pattern,seed,mm,budget_mean,rmse,max_err,e95,timeout_rate,iter_mean,time_q50,gearL,gearM,gearH,calib_ms,budget_scale,safety_rate
hover,fixed10,random,230,0.0,188.4,0.0039,0.0639,0.0000,0.0070,4.0,50.9,0.000,0.000,0.000,177.3,0.622,0.0000
hover,bsf,random,230,0.0,160.4,0.0034,0.0626,0.0000,0.2880,4.0,132.1,0.000,0.000,0.000,151.0,0.530,0.0000
hover,fixed10,random,230,0.2,159.1,0.1896,0.1982,0.1902,0.0210,5.0,61.4,0.000,0.000,0.000,149.7,0.525,0.0000
hover,bsf,random,230,0.2,164.0,0.1883,0.1962,0.1888,0.4740,5.0,159.9,0.000,0.000,0.000,154.3,0.542,0.0000
step,fixed10,random,230,0.0,159.3,0.0154,0.2746,0.0003,0.0120,4.0,51.2,0.000,0.000,0.000,149.9,0.526,0.0000
step,bsf,random,230,0.0,164.8,0.0156,0.2803,0.0003,0.2480,4.0,130.9,0.000,0.000,0.000,155.0,0.544,0.0000
step,fixed10,random,230,0.2,160.5,0.1898,0.3715,0.1902,0.0240,5.0,63.9,0.000,0.000,0.000,151.0,0.530,0.0000
step,bsf,random,230,0.2,161.4,0.1883,0.3648,0.1888,0.5150,5.0,161.8,0.000,0.000,0.000,151.9,0.533,0.0000
circle,fixed10,random,230,0.0,158.1,0.1136,1.6133,0.0426,0.0140,4.0,53.2,0.000,0.000,0.000,148.7,0.522,0.0019
circle,bsf,random,230,0.0,158.3,0.1041,1.6011,0.0476,0.3250,4.1,133.0,0.000,0.000,0.000,149.0,0.523,0.0013
circle,fixed10,random,230,0.2,159.9,0.2346,1.6150,0.2000,0.0230,5.1,62.1,0.000,0.000,0.000,150.5,0.528,0.0033
circle,bsf,random,230,0.2,162.1,0.2198,1.6053,0.1949,0.5340,5.1,163.4,0.000,0.000,0.000,152.5,0.535,0.0023
fig8,fixed10,random,230,0.0,159.4,0.0444,0.4593,0.0484,0.0140,4.0,53.6,0.000,0.000,0.000,150.0,0.526,0.0000
fig8,bsf,random,230,0.0,158.3,0.0448,0.4416,0.0540,0.3050,4.0,132.2,0.000,0.000,0.000,148.9,0.523,0.0000
fig8,fixed10,random,230,0.2,159.7,0.1957,0.4750,0.1961,0.0240,5.0,63.2,0.000,0.000,0.000,150.3,0.527,0.0000
fig8,bsf,random,230,0.2,164.4,0.1941,0.4506,0.1960,0.5110,5.0,164.1,0.000,0.000,0.000,154.7,0.543,0.0000
hover,fixed10,periodic,230,0.0,185.0,0.0103,0.0763,0.0002,0.2000,4.0,53.0,0.000,0.000,0.000,147.7,0.518,0.0000
hover,bsf,periodic,230,0.0,190.0,0.0034,0.0626,0.0000,0.2000,4.0,132.2,0.000,0.000,0.000,151.7,0.532,0.0000
hover,fixed10,periodic,230,0.2,193.9,0.5327,3.9651,0.6405,0.2010,5.3,63.0,0.000,0.000,0.000,154.8,0.543,0.0045
hover,bsf,periodic,230,0.2,190.2,0.1883,0.1962,0.1888,0.2000,5.0,160.7,0.000,0.000,0.000,151.8,0.533,0.0000
step,fixed10,periodic,230,0.0,186.5,0.0181,0.2746,0.0012,0.2000,4.0,51.9,0.000,0.000,0.000,148.8,0.522,0.0000
step,bsf,periodic,230,0.0,192.2,0.0156,0.2803,0.0003,0.2000,4.0,132.1,0.000,0.000,0.000,153.4,0.538,0.0000
step,fixed10,periodic,230,0.2,190.9,0.5009,3.9651,0.5448,0.2000,5.2,64.6,0.000,0.000,0.000,152.4,0.535,0.0037
step,bsf,periodic,230,0.2,195.0,0.1883,0.3648,0.1888,0.2000,5.0,161.5,0.000,0.000,0.000,155.7,0.546,0.0000
circle,fixed10,periodic,230,0.0,189.9,0.2503,1.6133,0.0875,0.2000,4.2,53.3,0.000,0.000,0.000,151.6,0.532,0.0015
circle,bsf,periodic,230,0.0,190.9,0.1038,1.6012,0.0476,0.2000,4.1,134.2,0.000,0.000,0.000,152.4,0.535,0.0013
circle,fixed10,periodic,230,0.2,191.0,0.7391,4.6606,1.5791,0.2010,5.7,64.8,0.000,0.000,0.000,152.4,0.535,0.0128
circle,bsf,periodic,230,0.2,196.6,0.2187,1.6055,0.1947,0.2010,5.1,161.3,0.000,0.000,0.000,156.9,0.551,0.0017
fig8,fixed10,periodic,230,0.0,190.1,0.1258,1.0477,0.0487,0.2000,4.1,52.3,0.000,0.000,0.000,151.7,0.532,0.0000
fig8,bsf,periodic,230,0.0,187.8,0.0448,0.4416,0.0540,0.2000,4.0,133.4,0.000,0.000,0.000,149.9,0.526,0.0000
fig8,fixed10,periodic,230,0.2,188.7,0.6819,4.5708,1.3301,0.2010,5.6,63.7,0.000,0.000,0.000,150.6,0.528,0.0134
fig8,bsf,periodic,230,0.2,190.7,0.1941,0.4506,0.1960,0.2000,5.0,165.4,0.000,0.000,0.000,152.2,0.534,0.0000
hover,fixed10,burst,230,0.0,202.5,0.0225,0.2800,0.0025,0.1510,4.0,53.0,0.000,0.000,0.000,154.4,0.542,0.0000
hover,bsf,burst,230,0.0,201.8,0.0034,0.0626,0.0000,0.1510,4.0,136.1,0.000,0.000,0.000,153.9,0.540,0.0000
hover,fixed10,burst,230,0.2,197.0,2328.4808,6018.0280,5199.8226,0.7540,15.1,229.2,0.000,0.000,0.000,150.2,0.527,0.3562
hover,bsf,burst,230,0.2,203.7,0.1883,0.1962,0.1888,0.1540,5.0,164.6,0.000,0.000,0.000,155.4,0.545,0.0000
step,fixed10,burst,230,0.0,198.8,0.0269,0.2796,0.0098,0.1510,4.0,54.1,0.000,0.000,0.000,151.6,0.532,0.0000
step,bsf,burst,230,0.0,197.6,0.0156,0.2803,0.0003,0.1510,4.0,133.0,0.000,0.000,0.000,150.7,0.529,0.0000
step,fixed10,burst,230,0.2,200.4,5162.9092,12832.7862,11380.9078,0.7610,15.4,231.3,0.000,0.000,0.000,152.8,0.536,0.3149
step,bsf,burst,230,0.2,201.3,0.1883,0.3648,0.1888,0.1510,5.0,161.1,0.000,0.000,0.000,153.5,0.539,0.0000
circle,fixed10,burst,230,0.0,193.5,3645.2765,9530.2637,8267.9446,0.7800,15.2,223.7,0.000,0.000,0.000,147.6,0.518,0.4833
circle,bsf,burst,230,0.0,197.8,0.1054,1.6012,0.0476,0.1670,4.1,135.2,0.000,0.000,0.000,150.9,0.529,0.0013
circle,fixed10,burst,230,0.2,196.8,2120.2687,5684.5847,4876.8876,0.7750,16.0,227.5,0.000,0.000,0.000,150.1,0.527,0.0629
circle,bsf,burst,230,0.2,204.9,0.2187,1.6055,0.1947,0.1650,5.1,161.4,0.000,0.000,0.000,156.3,0.548,0.0017
fig8,fixed10,burst,230,0.0,199.4,8248.9469,24009.3484,20097.9709,0.7730,15.5,230.9,0.000,0.000,0.000,152.1,0.534,0.3556
fig8,bsf,burst,230,0.0,198.9,0.0448,0.4416,0.0540,0.1510,4.0,134.4,0.000,0.000,0.000,151.7,0.532,0.0000
fig8,fixed10,burst,230,0.2,196.2,421.3922,1038.1728,917.6421,0.7670,15.2,229.8,0.000,0.000,0.000,149.6,0.525,0.1640
fig8,bsf,burst,230,0.2,195.3,0.1941,0.4506,0.1960,0.1520,5.0,160.6,0.000,0.000,0.000,148.9,0.523,0.0000
hover,fixed10,random,231,0.0,159.7,0.0032,0.0512,0.0000,0.0130,4.0,52.2,0.000,0.000,0.000,147.5,0.518,0.0000
hover,bsf,random,231,0.0,167.8,0.0028,0.0502,0.0000,0.2520,4.0,134.6,0.000,0.000,0.000,155.0,0.544,0.0000
hover,fixed10,random,231,0.2,162.6,0.1898,0.1954,0.1902,0.0230,5.0,65.0,0.000,0.000,0.000,150.2,0.527,0.0000
hover,bsf,random,231,0.2,165.5,0.1883,0.1938,0.1888,0.4660,5.0,161.1,0.000,0.000,0.000,152.8,0.536,0.0000
step,fixed10,random,231,0.0,165.3,0.0152,0.2746,0.0003,0.0120,4.0,52.8,0.000,0.000,0.000,152.7,0.536,0.0000
step,bsf,random,231,0.0,166.3,0.0155,0.2803,0.0003,0.2520,4.0,133.6,0.000,0.000,0.000,153.7,0.539,0.0000
step,fixed10,random,231,0.2,170.8,0.1899,0.3715,0.1902,0.0230,5.0,66.5,0.000,0.000,0.000,157.7,0.553,0.0000
step,bsf,random,231,0.2,166.6,0.1884,0.3648,0.1888,0.4700,5.0,162.7,0.000,0.000,0.000,153.9,0.540,0.0000
circle,fixed10,random,231,0.0,164.8,0.1109,1.5888,0.0426,0.0150,4.0,54.8,0.000,0.000,0.000,152.3,0.534,0.0012
circle,bsf,random,231,0.0,166.0,0.1025,1.5744,0.0476,0.2650,4.1,133.0,0.000,0.000,0.000,153.3,0.538,0.0012
circle,fixed10,random,231,0.2,164.1,0.2361,1.5908,0.2023,0.0240,5.1,64.7,0.000,0.000,0.000,151.6,0.532,0.0038
circle,bsf,random,231,0.2,164.9,0.2171,1.5793,0.1946,0.5190,5.1,164.3,0.000,0.000,0.000,152.4,0.535,0.0013
fig8,fixed10,random,231,0.0,161.0,0.0470,0.5362,0.0484,0.0130,4.0,52.2,0.000,0.000,0.000,148.7,0.522,0.0000
fig8,bsf,random,231,0.0,162.4,0.0469,0.5153,0.0540,0.2710,4.0,132.5,0.000,0.000,0.000,150.0,0.526,0.0000
fig8,fixed10,random,231,0.2,171.0,0.1966,0.5446,0.1961,0.0200,5.0,64.1,0.000,0.000,0.000,158.0,0.554,0.0000
fig8,bsf,random,231,0.2,161.8,0.1947,0.5248,0.1960,0.5220,5.0,163.7,0.000,0.000,0.000,149.5,0.525,0.0000
hover,fixed10,periodic,231,0.0,198.3,0.0083,0.0578,0.0004,0.2000,4.0,52.8,0.000,0.000,0.000,158.3,0.555,0.0000
hover,bsf,periodic,231,0.0,188.3,0.0028,0.0502,0.0000,0.2000,4.0,132.2,0.000,0.000,0.000,150.3,0.527,0.0000
hover,fixed10,periodic,231,0.2,189.9,0.5196,4.0911,0.5611,0.2000,5.2,63.7,0.000,0.000,0.000,151.6,0.532,0.0043
hover,bsf,periodic,231,0.2,192.8,0.1883,0.1938,0.1888,0.2010,5.0,163.7,0.000,0.000,0.000,153.9,0.540,0.0000
step,fixed10,periodic,231,0.0,192.3,0.0170,0.2746,0.0023,0.2000,4.0,52.6,0.000,0.000,0.000,153.5,0.539,0.0000
step,bsf,periodic,231,0.0,189.2,0.0155,0.2803,0.0003,0.2000,4.0,133.2,0.000,0.000,0.000,151.0,0.530,0.0000
step,fixed10,periodic,231,0.2,189.5,0.5330,4.0911,0.6965,0.2000,5.2,64.0,0.000,0.000,0.000,151.3,0.531,0.0060
step,bsf,periodic,231,0.2,194.7,0.1884,0.3648,0.1888,0.2000,5.0,163.1,0.000,0.000,0.000,155.4,0.545,0.0000
circle,fixed10,periodic,231,0.0,187.9,0.2487,1.5888,0.0867,0.2000,4.2,53.4,0.000,0.000,0.000,150.0,0.526,0.0013
circle,bsf,periodic,231,0.0,192.4,0.1034,1.5744,0.0476,0.2020,4.1,134.0,0.000,0.000,0.000,153.6,0.539,0.0012
circle,fixed10,periodic,231,0.2,196.0,201.5788,1133.9856,522.1849,0.3540,8.5,64.4,0.000,0.000,0.000,156.4,0.549,0.1496
circle,bsf,periodic,231,0.2,186.4,0.2177,1.5793,0.1946,0.2010,5.0,164.3,0.000,0.000,0.000,148.7,0.522,0.0013
fig8,fixed10,periodic,231,0.0,192.7,0.1291,1.0655,0.0487,0.2000,4.1,53.5,0.000,0.000,0.000,153.8,0.540,0.0000
fig8,bsf,periodic,231,0.0,185.7,0.0469,0.5153,0.0540,0.2000,4.0,132.8,0.000,0.000,0.000,148.2,0.520,0.0000
fig8,fixed10,periodic,231,0.2,202.2,0.6729,4.6893,1.2373,0.2010,5.5,64.9,0.000,0.000,0.000,161.4,0.566,0.0122
fig8,bsf,periodic,231,0.2,189.8,0.1947,0.5248,0.1960,0.2000,5.0,161.2,0.000,0.000,0.000,151.5,0.532,0.0000
hover,fixed10,burst,231,0.0,192.4,1028.0089,1845.2111,1749.6769,0.9900,18.6,228.3,0.000,0.000,0.000,148.5,0.521,0.3317
hover,bsf,burst,231,0.0,201.5,0.0028,0.0502,0.0000,0.1640,4.0,131.2,0.000,0.000,0.000,155.5,0.546,0.0000
hover,fixed10,burst,231,0.2,203.3,1.6437,10.0375,3.5983,0.1750,5.8,65.0,0.000,0.000,0.000,156.9,0.550,0.0179
hover,bsf,burst,231,0.2,196.9,0.1883,0.1938,0.1888,0.1650,5.0,164.4,0.000,0.000,0.000,151.9,0.533,0.0000
step,fixed10,burst,231,0.0,199.0,5232.0607,11849.2932,10663.0019,0.9890,19.5,235.6,0.000,0.000,0.000,153.5,0.539,0.5000
step,bsf,burst,231,0.0,196.2,0.0155,0.2803,0.0003,0.1640,4.0,133.0,0.000,0.000,0.000,151.4,0.531,0.0000
step,fixed10,burst,231,0.2,194.4,1.5816,10.0268,0.8285,0.1690,5.6,64.4,0.000,0.000,0.000,150.0,0.526,0.0100
step,bsf,burst,231,0.2,196.3,0.1884,0.3648,0.1888,0.1640,5.0,161.4,0.000,0.000,0.000,151.5,0.532,0.0000
circle,fixed10,burst,231,0.0,197.3,9855.1179,22096.5051,19926.9042,0.9920,19.7,234.0,0.000,0.000,0.000,152.3,0.534,0.4782
circle,bsf,burst,231,0.0,192.9,0.1035,1.5744,0.0476,0.1720,4.1,132.9,0.000,0.000,0.000,148.8,0.522,0.0012
circle,fixed10,burst,231,0.2,195.7,6044.3930,12852.1933,11630.0014,0.9920,19.6,233.0,0.000,0.000,0.000,151.0,0.530,0.3734
circle,bsf,burst,231,0.2,198.5,0.2179,1.5793,0.1946,0.1700,5.0,163.6,0.000,0.000,0.000,153.2,0.537,0.0013
fig8,fixed10,burst,231,0.0,197.2,10095.2538,21940.5316,19998.9627,0.9920,19.4,235.0,0.000,0.000,0.000,152.2,0.534,0.1693
fig8,bsf,burst,231,0.0,194.9,0.0469,0.5153,0.0540,0.1640,4.0,133.4,0.000,0.000,0.000,150.4,0.528,0.0000
fig8,fixed10,burst,231,0.2,197.7,10602.5539,21908.4524,20275.2290,0.9920,19.7,234.4,0.000,0.000,0.000,152.5,0.535,0.1704
fig8,bsf,burst,231,0.2,197.7,0.1947,0.5248,0.1960,0.1660,5.0,163.8,0.000,0.000,0.000,152.5,0.535,0.0000
hover,fixed10,random,232,0.0,161.7,0.0011,0.0182,0.0000,0.0140,4.0,52.7,0.000,0.000,0.000,151.8,0.533,0.0000
hover,bsf,random,232,0.0,161.0,0.0010,0.0182,0.0000,0.3150,4.0,134.1,0.000,0.000,0.000,151.1,0.530,0.0000
hover,fixed10,random,232,0.2,166.4,0.1897,0.1964,0.1902,0.0230,5.0,64.2,0.000,0.000,0.000,156.2,0.548,0.0000
hover,bsf,random,232,0.2,162.3,0.1883,0.1949,0.1888,0.4940,5.0,161.9,0.000,0.000,0.000,152.3,0.535,0.0000
step,fixed10,random,232,0.0,163.4,0.0149,0.2746,0.0001,0.0140,4.0,52.5,0.000,0.000,0.000,153.4,0.538,0.0000
step,bsf,random,232,0.0,162.1,0.0153,0.2803,0.0002,0.3050,4.0,133.4,0.000,0.000,0.000,152.2,0.534,0.0000
step,fixed10,random,232,0.2,159.6,0.1898,0.3723,0.1902,0.0250,5.0,64.3,0.000,0.000,0.000,149.8,0.526,0.0000
step,bsf,random,232,0.2,158.2,0.1884,0.3648,0.1888,0.5100,5.0,161.3,0.000,0.000,0.000,148.5,0.521,0.0000
circle,fixed10,random,232,0.0,161.9,0.1096,1.5732,0.0426,0.0180,4.0,54.2,0.000,0.000,0.000,151.9,0.533,0.0023
circle,bsf,random,232,0.0,162.2,0.1023,1.5599,0.0476,0.3260,4.1,134.2,0.000,0.000,0.000,152.2,0.534,0.0012
circle,fixed10,random,232,0.2,160.6,0.2260,1.5751,0.1950,0.0250,5.0,64.9,0.000,0.000,0.000,150.7,0.529,0.0024
circle,bsf,random,232,0.2,162.3,0.2171,1.5645,0.1946,0.4950,5.1,161.0,0.000,0.000,0.000,152.4,0.535,0.0018
fig8,fixed10,random,232,0.0,160.9,0.0455,0.4961,0.0484,0.0140,4.0,52.5,0.000,0.000,0.000,151.1,0.530,0.0000
fig8,bsf,random,232,0.0,169.1,0.0457,0.4766,0.0540,0.2590,4.0,133.5,0.000,0.000,0.000,158.8,0.557,0.0000
fig8,fixed10,random,232,0.2,164.9,0.1961,0.5077,0.1961,0.0210,5.0,63.8,0.000,0.000,0.000,154.8,0.543,0.0000
fig8,bsf,random,232,0.2,168.9,0.1943,0.4859,0.1960,0.4470,5.0,162.6,0.000,0.000,0.000,158.5,0.556,0.0000
hover,fixed10,periodic,232,0.0,188.3,0.0023,0.0182,0.0001,0.2000,4.0,53.7,0.000,0.000,0.000,150.3,0.527,0.0000
hover,bsf,periodic,232,0.0,186.8,0.0010,0.0182,0.0000,0.2000,4.0,135.2,0.000,0.000,0.000,149.1,0.523,0.0000
hover,fixed10,periodic,232,0.2,195.4,0.5440,4.0661,0.5696,0.2020,5.2,66.3,0.000,0.000,0.000,155.9,0.547,0.0035
hover,bsf,periodic,232,0.2,194.8,0.1883,0.1949,0.1888,0.2010,5.0,163.7,0.000,0.000,0.000,155.5,0.546,0.0000
step,fixed10,periodic,232,0.0,203.8,0.7920,4.5561,2.1073,0.1860,5.4,54.4,0.000,0.000,0.000,162.7,0.571,0.0268
step,bsf,periodic,232,0.0,194.3,0.0153,0.2803,0.0002,0.2000,4.0,134.0,0.000,0.000,0.000,155.1,0.544,0.0000
step,fixed10,periodic,232,0.2,192.8,0.5956,4.0661,0.7431,0.2010,5.3,64.7,0.000,0.000,0.000,153.9,0.540,0.0040
step,bsf,periodic,232,0.2,188.2,0.1884,0.3648,0.1888,0.2000,5.0,161.9,0.000,0.000,0.000,150.2,0.527,0.0000
circle,fixed10,periodic,232,0.0,193.5,0.2488,1.5902,0.1071,0.2000,4.2,53.5,0.000,0.000,0.000,154.4,0.542,0.0010
circle,bsf,periodic,232,0.0,193.8,0.1025,1.5599,0.0476,0.2030,4.1,134.4,0.000,0.000,0.000,154.7,0.543,0.0012
circle,fixed10,periodic,232,0.2,189.3,6793.0447,18820.3869,16043.9735,0.7910,16.4,229.9,0.000,0.000,0.000,151.1,0.530,0.4872
circle,bsf,periodic,232,0.2,186.0,0.2174,1.5645,0.1946,0.2010,5.0,162.2,0.000,0.000,0.000,148.5,0.521,0.0013
fig8,fixed10,periodic,232,0.0,191.4,0.1290,1.0791,0.0487,0.2000,4.1,52.2,0.000,0.000,0.000,152.8,0.536,0.0000
fig8,bsf,periodic,232,0.0,190.0,0.0457,0.4766,0.0540,0.2000,4.0,132.7,0.000,0.000,0.000,151.6,0.532,0.0000
fig8,fixed10,periodic,232,0.2,188.5,1632.7646,5325.5301,4247.5084,0.5970,12.3,145.6,0.000,0.000,0.000,150.4,0.528,0.2748
fig8,bsf,periodic,232,0.2,187.5,0.1943,0.4859,0.1960,0.2000,5.0,163.3,0.000,0.000,0.000,149.6,0.525,0.0000
hover,fixed10,burst,232,0.0,194.8,0.0011,0.0182,0.0000,0.1810,4.0,52.8,0.000,0.000,0.000,152.6,0.536,0.0000
hover,bsf,burst,232,0.0,194.2,0.0010,0.0182,0.0000,0.1810,4.0,132.4,0.000,0.000,0.000,152.2,0.534,0.0000
hover,fixed10,burst,232,0.2,199.5,0.1897,0.1964,0.1902,0.1810,5.0,64.6,0.000,0.000,0.000,156.3,0.549,0.0000
hover,bsf,burst,232,0.2,191.1,0.1883,0.1949,0.1888,0.1810,5.0,162.1,0.000,0.000,0.000,149.7,0.525,0.0000
step,fixed10,burst,232,0.0,191.4,0.0149,0.2746,0.0000,0.1810,4.0,52.8,0.000,0.000,0.000,149.9,0.526,0.0000
step,bsf,burst,232,0.0,192.6,0.0153,0.2803,0.0002,0.1810,4.0,132.9,0.000,0.000,0.000,150.9,0.529,0.0000
step,fixed10,burst,232,0.2,200.3,0.1898,0.3715,0.1902,0.1810,5.0,64.5,0.000,0.000,0.000,156.9,0.551,0.0000
step,bsf,burst,232,0.2,198.7,0.1884,0.3648,0.1888,0.1810,5.0,162.0,0.000,0.000,0.000,155.7,0.546,0.0000
circle,fixed10,burst,232,0.0,189.8,4713.4739,14114.2653,11665.3309,0.6670,13.1,224.2,0.000,0.000,0.000,148.7,0.522,0.5231
circle,bsf,burst,232,0.0,193.3,0.1026,1.5599,0.0476,0.1970,4.1,133.8,0.000,0.000,0.000,151.5,0.531,0.0012
circle,fixed10,burst,232,0.2,199.7,2160.0017,6298.2005,5268.8220,0.6670,14.0,235.9,0.000,0.000,0.000,156.5,0.549,0.3324
circle,bsf,burst,232,0.2,193.1,0.2174,1.5645,0.1946,0.1960,5.1,161.0,0.000,0.000,0.000,151.3,0.531,0.0014
fig8,fixed10,burst,232,0.0,196.2,4053.1894,12288.2119,10125.0072,0.6520,13.0,231.5,0.000,0.000,0.000,153.7,0.539,0.3848
fig8,bsf,burst,232,0.0,198.9,0.0457,0.4766,0.0540,0.1810,4.0,133.6,0.000,0.000,0.000,155.9,0.547,0.0000
fig8,fixed10,burst,232,0.2,191.6,3466.8177,7935.5811,7551.4027,0.6540,13.6,226.4,0.000,0.000,0.000,150.2,0.527,0.1380
fig8,bsf,burst,232,0.2,190.5,0.1943,0.4859,0.1960,0.1810,5.0,161.9,0.000,0.000,0.000,149.3,0.524,0.0000
hover,fixed10,random,233,0.0,160.5,0.0035,0.0561,0.0000,0.0140,4.0,53.5,0.000,0.000,0.000,150.3,0.527,0.0000
hover,bsf,random,233,0.0,166.8,0.0030,0.0551,0.0000,0.2610,4.0,133.4,0.000,0.000,0.000,156.2,0.548,0.0000
hover,fixed10,random,233,0.2,170.9,0.1898,0.1953,0.1902,0.0210,5.0,64.3,0.000,0.000,0.000,160.1,0.562,0.0000
hover,bsf,random,233,0.2,161.6,0.1884,0.1936,0.1888,0.5220,5.0,162.6,0.000,0.000,0.000,151.3,0.531,0.0000
step,fixed10,random,233,0.0,162.8,0.0151,0.2769,0.0001,0.0130,4.0,53.2,0.000,0.000,0.000,152.4,0.535,0.0000
step,bsf,random,233,0.0,160.6,0.0155,0.2803,0.0003,0.3110,4.0,134.8,0.000,0.000,0.000,150.4,0.528,0.0000
step,fixed10,random,233,0.2,164.0,0.1898,0.3648,0.1902,0.0220,5.0,64.0,0.000,0.000,0.000,153.5,0.539,0.0000
step,bsf,random,233,0.2,160.3,0.1884,0.3648,0.1888,0.5330,5.0,162.9,0.000,0.000,0.000,150.1,0.527,0.0000
circle,fixed10,random,233,0.0,161.1,0.1190,1.6320,0.0434,0.0160,4.1,53.6,0.000,0.000,0.000,150.9,0.529,0.0029
circle,bsf,random,233,0.0,160.2,0.1048,1.6174,0.0476,0.3280,4.1,135.2,0.000,0.000,0.000,150.0,0.526,0.0013
circle,fixed10,random,233,0.2,165.0,6560.9472,14626.8727,13206.1507,0.9910,25.9,301.9,0.000,0.000,0.000,154.5,0.542,0.4937
circle,bsf,random,233,0.2,160.7,0.2189,1.6224,0.1947,0.5370,5.1,162.7,0.000,0.000,0.000,150.5,0.528,0.0019
fig8,fixed10,random,233,0.0,160.2,0.0475,0.5395,0.0484,0.0150,4.0,53.0,0.000,0.000,0.000,150.0,0.526,0.0000
fig8,bsf,random,233,0.0,161.1,0.0471,0.5186,0.0540,0.3060,4.0,134.6,0.000,0.000,0.000,150.9,0.529,0.0000
fig8,fixed10,random,233,0.2,165.5,0.1966,0.5520,0.1961,0.0220,5.0,63.9,0.000,0.000,0.000,155.0,0.544,0.0000
fig8,bsf,random,233,0.2,158.7,0.1947,0.5281,0.1960,0.5260,5.0,160.1,0.000,0.000,0.000,148.6,0.522,0.0000
hover,fixed10,periodic,233,0.0,188.1,0.0081,0.0561,0.0005,0.2000,4.0,53.0,0.000,0.000,0.000,150.2,0.527,0.0000
hover,bsf,periodic,233,0.0,188.1,0.0030,0.0551,0.0000,0.2000,4.0,134.4,0.000,0.000,0.000,150.1,0.527,0.0000
hover,fixed10,periodic,233,0.2,199.9,0.5038,4.0650,0.3533,0.2010,5.1,65.2,0.000,0.000,0.000,159.5,0.560,0.0018
hover,bsf,periodic,233,0.2,187.6,0.1884,0.1936,0.1888,0.2000,5.0,162.0,0.000,0.000,0.000,149.8,0.526,0.0000
step,fixed10,periodic,233,0.0,203.7,0.2717,2.2522,0.1598,0.1700,4.3,53.0,0.000,0.000,0.000,162.6,0.570,0.0054
step,bsf,periodic,233,0.0,196.2,0.0155,0.2803,0.0003,0.2000,4.0,135.1,0.000,0.000,0.000,156.6,0.550,0.0000
step,fixed10,periodic,233,0.2,194.0,0.5422,4.0650,0.7915,0.2010,5.3,66.0,0.000,0.000,0.000,154.8,0.543,0.0047
step,bsf,periodic,233,0.2,190.4,0.1884,0.3648,0.1888,0.2000,5.0,160.7,0.000,0.000,0.000,151.9,0.533,0.0000
circle,fixed10,periodic,233,0.0,186.8,0.2569,1.6339,0.0878,0.2000,4.2,53.2,0.000,0.000,0.000,149.1,0.523,0.0015
circle,bsf,periodic,233,0.0,186.3,0.1075,1.6175,0.0476,0.2000,4.1,135.4,0.000,0.000,0.000,148.7,0.522,0.0010
circle,fixed10,periodic,233,0.2,186.3,0.7705,4.7689,1.7961,0.2010,5.6,64.4,0.000,0.000,0.000,148.7,0.522,0.0085
circle,bsf,periodic,233,0.2,183.6,0.2205,1.6224,0.1955,0.2060,5.1,162.6,0.000,0.000,0.000,146.5,0.514,0.0018
fig8,fixed10,periodic,233,0.0,183.7,0.1359,1.1204,0.0487,0.2000,4.1,53.8,0.000,0.000,0.000,146.6,0.515,0.0000
fig8,bsf,periodic,233,0.0,185.9,0.0471,0.5186,0.0540,0.2000,4.0,133.7,0.000,0.000,0.000,148.4,0.521,0.0000
fig8,fixed10,periodic,233,0.2,198.0,0.6741,4.6778,1.1565,0.2010,5.6,65.1,0.000,0.000,0.000,158.0,0.554,0.0124
fig8,bsf,periodic,233,0.2,195.2,0.1947,0.5281,0.1960,0.2000,5.0,161.5,0.000,0.000,0.000,155.8,0.547,0.0000
hover,fixed10,burst,233,0.0,191.8,4134.0259,9391.8437,8444.2565,0.9750,18.7,231.0,0.000,0.000,0.000,150.3,0.527,0.1588
hover,bsf,burst,233,0.0,194.8,0.0030,0.0551,0.0000,0.1810,4.0,133.3,0.000,0.000,0.000,152.7,0.536,0.0000
hover,fixed10,burst,233,0.2,196.4,4021.6964,9165.2638,8233.9288,0.9750,18.8,237.3,0.000,0.000,0.000,153.9,0.540,0.1547
hover,bsf,burst,233,0.2,192.7,0.1884,0.1936,0.1888,0.1810,5.0,162.6,0.000,0.000,0.000,151.0,0.530,0.0000
step,fixed10,burst,233,0.0,199.6,5267.9716,10915.0828,10161.8043,0.9730,19.3,238.8,0.000,0.000,0.000,156.4,0.549,0.3035
step,bsf,burst,233,0.0,191.2,0.0155,0.2803,0.0003,0.1810,4.0,133.8,0.000,0.000,0.000,149.8,0.526,0.0000
step,fixed10,burst,233,0.2,195.2,1758.3521,3839.8483,3418.2451,0.9740,18.9,236.1,0.000,0.000,0.000,153.0,0.537,0.2980
step,bsf,burst,233,0.2,195.3,0.1884,0.3648,0.1888,0.1830,5.0,162.1,0.000,0.000,0.000,153.0,0.537,0.0000
circle,fixed10,burst,233,0.0,198.3,4748.1332,10679.7217,9626.6155,0.9750,19.3,240.2,0.000,0.000,0.000,155.4,0.545,0.1539
circle,bsf,burst,233,0.0,203.0,0.1050,1.6174,0.0476,0.1950,4.1,134.2,0.000,0.000,0.000,159.1,0.558,0.0013
circle,fixed10,burst,233,0.2,197.6,6210.0829,14054.1709,12648.5858,0.9750,19.2,239.5,0.000,0.000,0.000,154.9,0.543,0.1868
circle,bsf,burst,233,0.2,193.6,0.2199,1.6224,0.1948,0.1970,5.1,161.7,0.000,0.000,0.000,151.7,0.532,0.0018
fig8,fixed10,burst,233,0.0,193.1,3680.4508,7656.7012,7079.2960,0.9740,18.5,230.6,0.000,0.000,0.000,151.3,0.531,0.2261
fig8,bsf,burst,233,0.0,195.1,0.0471,0.5186,0.0540,0.1820,4.0,134.5,0.000,0.000,0.000,152.9,0.536,0.0000
fig8,fixed10,burst,233,0.2,197.2,4273.2241,9650.7713,8689.4492,0.9750,19.2,238.9,0.000,0.000,0.000,154.5,0.542,0.1626
fig8,bsf,burst,233,0.2,194.8,0.1947,0.5281,0.1960,0.1820,5.0,163.5,0.000,0.000,0.000,152.7,0.536,0.0000
hover,fixed10,random,234,0.0,160.5,0.0022,0.0362,0.0000,0.0140,4.0,52.8,0.000,0.000,0.000,152.9,0.537,0.0000
hover,bsf,random,234,0.0,159.3,0.0019,0.0358,0.0000,0.3150,4.0,133.5,0.000,0.000,0.000,151.8,0.532,0.0000
hover,fixed10,random,234,0.2,162.5,0.1897,0.1946,0.1902,0.0200,5.0,64.3,0.000,0.000,0.000,154.8,0.543,0.0000
hover,bsf,random,234,0.2,166.9,0.1883,0.1941,0.1888,0.4570,5.0,162.9,0.000,0.000,0.000,159.0,0.558,0.0000
step,fixed10,random,234,0.0,158.6,0.0150,0.2746,0.0001,0.0140,4.0,53.0,0.000,0.000,0.000,151.1,0.530,0.0000
step,bsf,random,234,0.0,158.6,0.0154,0.2803,0.0003,0.3340,4.0,134.7,0.000,0.000,0.000,151.1,0.530,0.0000
step,fixed10,random,234,0.2,164.2,0.1898,0.3715,0.1902,0.0180,5.0,64.8,0.000,0.000,0.000,156.4,0.549,0.0000
step,bsf,random,234,0.2,158.8,0.1884,0.3648,0.1888,0.5230,5.0,162.6,0.000,0.000,0.000,151.2,0.531,0.0000
circle,fixed10,random,234,0.0,158.6,0.1111,1.5602,0.0427,0.0150,4.1,53.5,0.000,0.000,0.000,151.1,0.530,0.0018
circle,bsf,random,234,0.0,158.0,0.1005,1.5463,0.0476,0.3440,4.1,135.3,0.000,0.000,0.000,150.5,0.528,0.0012
circle,fixed10,random,234,0.2,161.2,18682.3026,41895.5942,37781.6340,0.9930,24.6,302.2,0.000,0.000,0.000,153.5,0.539,0.5923
circle,bsf,random,234,0.2,155.8,0.2163,1.5511,0.1946,0.5620,5.1,162.8,0.000,0.000,0.000,148.4,0.521,0.0013
fig8,fixed10,random,234,0.0,162.3,0.0464,0.5216,0.0484,0.0150,4.0,52.8,0.000,0.000,0.000,154.6,0.542,0.0000
fig8,bsf,random,234,0.0,157.4,0.0465,0.5015,0.0540,0.3290,4.0,133.6,0.000,0.000,0.000,149.9,0.526,0.0000
fig8,fixed10,random,234,0.2,159.5,0.1965,0.5306,0.1961,0.0200,5.0,65.5,0.000,0.000,0.000,151.9,0.533,0.0000
fig8,bsf,random,234,0.2,161.5,0.1945,0.5109,0.1960,0.4960,5.0,162.8,0.000,0.000,0.000,153.8,0.540,0.0000
hover,fixed10,periodic,234,0.0,229.1,0.0022,0.0362,0.0000,0.0080,4.0,53.7,0.000,0.000,0.000,182.9,0.642,0.0000
hover,bsf,periodic,234,0.0,189.3,0.0019,0.0358,0.0000,0.2000,4.0,134.4,0.000,0.000,0.000,151.1,0.530,0.0000
hover,fixed10,periodic,234,0.2,191.6,0.5656,4.0449,0.9841,0.2030,5.4,65.2,0.000,0.000,0.000,152.9,0.537,0.0067
hover,bsf,periodic,234,0.2,197.4,0.1883,0.1941,0.1888,0.2000,5.0,162.3,0.000,0.000,0.000,157.6,0.553,0.0000
step,fixed10,periodic,234,0.0,195.7,0.0153,0.2746,0.0011,0.2000,4.0,53.8,0.000,0.000,0.000,156.2,0.548,0.0000
step,bsf,periodic,234,0.0,195.7,0.0154,0.2803,0.0003,0.2000,4.0,133.9,0.000,0.000,0.000,156.2,0.548,0.0000
step,fixed10,periodic,234,0.2,188.0,0.5087,4.0449,0.4058,0.2000,5.2,65.0,0.000,0.000,0.000,150.0,0.526,0.0017
step,bsf,periodic,234,0.2,189.1,0.1884,0.3648,0.1888,0.2010,5.0,162.0,0.000,0.000,0.000,150.9,0.529,0.0000
circle,fixed10,periodic,234,0.0,187.0,0.2463,1.5731,0.0990,0.2000,4.2,53.6,0.000,0.000,0.000,149.2,0.524,0.0008
circle,bsf,periodic,234,0.0,194.0,0.1006,1.5463,0.0476,0.2020,4.1,134.5,0.000,0.000,0.000,154.8,0.543,0.0012
circle,fixed10,periodic,234,0.2,192.7,8922.1800,23384.7150,20231.6266,0.8300,16.8,235.5,0.000,0.000,0.000,153.8,0.540,0.5342
circle,bsf,periodic,234,0.2,201.1,0.2164,1.5511,0.1947,0.2010,5.1,163.5,0.000,0.000,0.000,160.5,0.563,0.0013
fig8,fixed10,periodic,234,0.0,192.9,0.1285,1.0631,0.0487,0.2000,4.1,53.2,0.000,0.000,0.000,154.0,0.540,0.0000
fig8,bsf,periodic,234,0.0,194.0,0.0465,0.5015,0.0540,0.2000,4.0,134.5,0.000,0.000,0.000,154.9,0.543,0.0000
fig8,fixed10,periodic,234,0.2,196.5,0.6604,4.6474,1.1698,0.2010,5.5,64.6,0.000,0.000,0.000,156.9,0.550,0.0120
fig8,bsf,periodic,234,0.2,193.0,0.1945,0.5109,0.1960,0.2010,5.0,163.6,0.000,0.000,0.000,154.1,0.541,0.0000
hover,fixed10,burst,234,0.0,184.8,0.1823,1.8910,0.0099,0.2420,4.1,53.7,0.000,0.000,0.000,153.2,0.538,0.0023
hover,bsf,burst,234,0.0,184.8,0.0019,0.0358,0.0000,0.2410,4.0,134.6,0.000,0.000,0.000,153.2,0.538,0.0000
hover,fixed10,burst,234,0.2,181.7,3900.3866,11528.9544,9595.1301,0.6950,13.6,226.9,0.000,0.000,0.000,150.7,0.529,0.4009
hover,bsf,burst,234,0.2,184.2,0.1883,0.1941,0.1888,0.2410,5.0,163.5,0.000,0.000,0.000,152.7,0.536,0.0000
step,fixed10,burst,234,0.0,181.3,0.1760,1.8293,0.0316,0.2420,4.1,52.9,0.000,0.000,0.000,150.3,0.527,0.0023
step,bsf,burst,234,0.0,183.2,0.0154,0.2803,0.0003,0.2410,4.0,133.9,0.000,0.000,0.000,151.9,0.533,0.0000
step,fixed10,burst,234,0.2,180.3,9.9967,104.7034,10.4764,0.2950,6.6,64.4,0.000,0.000,0.000,149.5,0.525,0.0343
step,bsf,burst,234,0.2,185.1,0.1884,0.3648,0.1888,0.2410,5.0,163.0,0.000,0.000,0.000,153.4,0.538,0.0000
circle,fixed10,burst,234,0.0,181.4,2544.7198,7784.7772,6254.8769,0.7190,14.3,228.0,0.000,0.000,0.000,150.4,0.528,0.4219
circle,bsf,burst,234,0.0,183.0,0.1005,1.5463,0.0476,0.2560,4.1,134.1,0.000,0.000,0.000,151.7,0.532,0.0012
circle,fixed10,burst,234,0.2,180.8,219.2300,459.0069,427.8886,0.7190,14.6,226.8,0.000,0.000,0.000,149.9,0.526,0.1795
circle,bsf,burst,234,0.2,184.5,0.2164,1.5511,0.1947,0.2540,5.1,162.5,0.000,0.000,0.000,153.0,0.537,0.0013
fig8,fixed10,burst,234,0.0,187.8,856.4983,1919.6323,1784.1090,0.7190,14.8,236.2,0.000,0.000,0.000,155.7,0.546,0.1990
fig8,bsf,burst,234,0.0,188.5,0.0465,0.5015,0.0540,0.2410,4.0,133.8,0.000,0.000,0.000,156.3,0.548,0.0000
fig8,fixed10,burst,234,0.2,189.4,1511.0785,3888.2274,3406.7509,0.7190,15.1,237.9,0.000,0.000,0.000,157.1,0.551,0.1533
fig8,bsf,burst,234,0.2,177.8,0.1945,0.5109,0.1960,0.2410,5.0,163.9,0.000,0.000,0.000,147.4,0.517,0.0000
hover,fixed10,random,235,0.0,162.7,0.0037,0.0604,0.0000,0.0140,4.0,53.0,0.000,0.000,0.000,152.2,0.534,0.0000
hover,bsf,random,235,0.0,161.3,0.0032,0.0591,0.0000,0.3020,4.0,133.7,0.000,0.000,0.000,150.8,0.529,0.0000
hover,fixed10,random,235,0.2,162.7,0.1898,0.1952,0.1902,0.0250,5.0,64.0,0.000,0.000,0.000,152.2,0.534,0.0000
hover,bsf,random,235,0.2,159.5,0.1884,0.1935,0.1888,0.5270,5.0,162.8,0.000,0.000,0.000,149.2,0.523,0.0000
step,fixed10,random,235,0.0,159.3,0.0151,0.2746,0.0001,0.0150,4.0,52.6,0.000,0.000,0.000,149.0,0.523,0.0000
step,bsf,random,235,0.0,164.7,0.0156,0.2803,0.0003,0.2830,4.0,133.9,0.000,0.000,0.000,154.0,0.540,0.0000
step,fixed10,random,235,0.2,168.7,0.1899,0.3715,0.1902,0.0230,5.0,64.5,0.000,0.000,0.000,157.8,0.554,0.0000
step,bsf,random,235,0.2,159.9,0.1884,0.3648,0.1888,0.5350,5.0,163.2,0.000,0.000,0.000,149.5,0.525,0.0000
circle,fixed10,random,235,0.0,162.7,1140.7079,2086.7505,1961.2775,0.9950,24.8,297.9,0.000,0.000,0.000,152.2,0.534,0.3489
circle,bsf,random,235,0.0,164.1,0.1048,1.5829,0.0477,0.3150,4.2,134.9,0.000,0.000,0.000,153.5,0.539,0.0012
circle,fixed10,random,235,0.2,164.9,11284.4728,25169.7628,22721.6468,0.9930,25.4,303.2,0.000,0.000,0.000,154.2,0.541,0.5579
circle,bsf,random,235,0.2,161.3,0.2175,1.5879,0.1946,0.5230,5.1,163.0,0.000,0.000,0.000,150.9,0.529,0.0013
fig8,fixed10,random,235,0.0,163.2,0.0477,0.5455,0.0484,0.0150,4.0,53.4,0.000,0.000,0.000,152.6,0.536,0.0000
fig8,bsf,random,235,0.0,160.1,0.0473,0.5241,0.0540,0.3080,4.0,134.2,0.000,0.000,0.000,149.8,0.525,0.0000
fig8,fixed10,random,235,0.2,162.1,0.1967,0.5594,0.1961,0.0290,5.0,64.6,0.000,0.000,0.000,151.6,0.532,0.0000
fig8,bsf,random,235,0.2,165.1,0.1948,0.5337,0.1960,0.4940,5.0,162.8,0.000,0.000,0.000,154.4,0.542,0.0000
hover,fixed10,periodic,235,0.0,189.5,0.0092,0.0649,0.0003,0.2000,4.0,53.1,0.000,0.000,0.000,151.2,0.531,0.0000
hover,bsf,periodic,235,0.0,192.0,0.0032,0.0591,0.0000,0.2000,4.0,133.6,0.000,0.000,0.000,153.2,0.538,0.0000
hover,fixed10,periodic,235,0.2,191.3,0.5332,4.1073,0.5429,0.2000,5.2,65.3,0.000,0.000,0.000,152.7,0.536,0.0032
hover,bsf,periodic,235,0.2,190.4,0.1884,0.1935,0.1888,0.2000,5.0,162.2,0.000,0.000,0.000,152.0,0.533,0.0000
step,fixed10,periodic,235,0.0,192.6,0.0175,0.2746,0.0019,0.2000,4.0,53.1,0.000,0.000,0.000,153.7,0.539,0.0000
step,bsf,periodic,235,0.0,188.7,0.0156,0.2803,0.0003,0.2000,4.0,133.0,0.000,0.000,0.000,150.6,0.528,0.0000
step,fixed10,periodic,235,0.2,192.8,0.5251,4.1073,0.5959,0.2000,5.2,65.7,0.000,0.000,0.000,153.9,0.540,0.0048
step,bsf,periodic,235,0.2,187.9,0.1884,0.3648,0.1888,0.2010,5.0,162.4,0.000,0.000,0.000,150.0,0.526,0.0000
circle,fixed10,periodic,235,0.0,195.1,0.2543,1.6304,0.1059,0.2000,4.2,53.1,0.000,0.000,0.000,155.7,0.546,0.0012
circle,bsf,periodic,235,0.0,191.3,0.1038,1.5829,0.0476,0.2030,4.1,133.5,0.000,0.000,0.000,152.7,0.536,0.0012
circle,fixed10,periodic,235,0.2,192.4,0.8054,4.8046,1.9337,0.2040,5.7,64.7,0.000,0.000,0.000,153.6,0.539,0.0077
circle,bsf,periodic,235,0.2,189.6,0.2203,1.5879,0.1950,0.2030,5.1,162.5,0.000,0.000,0.000,151.4,0.531,0.0013
fig8,fixed10,periodic,235,0.0,189.3,0.1362,1.1216,0.0487,0.2000,4.1,53.9,0.000,0.000,0.000,151.1,0.530,0.0000
fig8,bsf,periodic,235,0.0,189.9,0.0473,0.5241,0.0540,0.2000,4.0,134.6,0.000,0.000,0.000,151.6,0.532,0.0000
fig8,fixed10,periodic,235,0.2,188.5,7310.1276,20324.8610,17303.1225,0.7550,15.0,228.0,0.000,0.000,0.000,150.5,0.528,0.6432
fig8,bsf,periodic,235,0.2,190.4,0.1948,0.5337,0.1960,0.2010,5.0,163.2,0.000,0.000,0.000,152.0,0.533,0.0000
hover,fixed10,burst,235,0.0,220.8,0.0037,0.0604,0.0000,0.0090,4.0,53.1,0.000,0.000,0.000,177.9,0.624,0.0000
hover,bsf,burst,235,0.0,185.9,0.0032,0.0591,0.0000,0.2110,4.0,133.7,0.000,0.000,0.000,149.8,0.526,0.0000
hover,fixed10,burst,235,0.2,185.6,10595.9214,27294.6492,23812.7844,0.8460,16.1,228.4,0.000,0.000,0.000,149.6,0.525,0.6196
hover,bsf,burst,235,0.2,195.3,0.1884,0.1935,0.1888,0.2110,5.0,164.4,0.000,0.000,0.000,157.4,0.552,0.0000
step,fixed10,burst,235,0.0,192.5,0.0168,0.2746,0.0149,0.2110,4.0,53.1,0.000,0.000,0.000,155.1,0.544,0.0000
step,bsf,burst,235,0.0,192.3,0.0156,0.2803,0.0003,0.2110,4.0,133.9,0.000,0.000,0.000,154.9,0.544,0.0000
step,fixed10,burst,235,0.2,187.5,2309.0468,8007.8566,6220.7178,0.5760,11.6,68.1,0.000,0.000,0.000,151.1,0.530,0.3866
step,bsf,burst,235,0.2,186.8,0.1884,0.3648,0.1888,0.2110,5.0,163.3,0.000,0.000,0.000,150.5,0.528,0.0000
circle,fixed10,burst,235,0.0,187.6,4060.3848,11951.9669,10137.6980,0.6260,12.5,226.8,0.000,0.000,0.000,151.2,0.530,0.3349
circle,bsf,burst,235,0.0,197.1,0.1038,1.5829,0.0476,0.2260,4.1,133.3,0.000,0.000,0.000,158.8,0.557,0.0012
circle,fixed10,burst,235,0.2,192.4,10700.3941,27378.2815,23901.4838,0.8450,16.9,237.7,0.000,0.000,0.000,155.0,0.544,0.7166
circle,bsf,burst,235,0.2,189.5,0.2204,1.5879,0.1953,0.2320,5.1,164.5,0.000,0.000,0.000,152.7,0.536,0.0013
fig8,fixed10,burst,235,0.0,185.4,839.4137,2651.6604,2142.3428,0.6160,12.0,223.8,0.000,0.000,0.000,149.4,0.524,0.2922
fig8,bsf,burst,235,0.0,185.4,0.0473,0.5241,0.0540,0.2120,4.0,134.8,0.000,0.000,0.000,149.3,0.524,0.0000
fig8,fixed10,burst,235,0.2,191.1,8806.0296,22692.2431,19793.0735,0.8460,16.7,235.4,0.000,0.000,0.000,154.0,0.540,0.5199
fig8,bsf,burst,235,0.2,189.1,0.1948,0.5337,0.1960,0.2120,5.0,163.3,0.000,0.000,0.000,152.4,0.535,0.0000
hover,fixed10,random,236,0.0,165.6,0.0037,0.0573,0.0000,0.0090,4.0,53.9,0.000,0.000,0.000,155.0,0.544,0.0000
hover,bsf,random,236,0.0,160.5,0.0031,0.0561,0.0000,0.3070,4.0,134.6,0.000,0.000,0.000,150.3,0.527,0.0000
hover,fixed10,random,236,0.2,161.7,0.1896,0.1976,0.1902,0.0190,5.0,65.7,0.000,0.000,0.000,151.3,0.531,0.0000
hover,bsf,random,236,0.2,164.1,0.1883,0.1962,0.1888,0.5000,5.0,163.8,0.000,0.000,0.000,153.6,0.539,0.0000
step,fixed10,random,236,0.0,162.9,0.0153,0.2746,0.0001,0.0090,4.0,53.3,0.000,0.000,0.000,152.5,0.535,0.0000
step,bsf,random,236,0.0,169.1,0.0156,0.2803,0.0003,0.2580,4.0,134.8,0.000,0.000,0.000,158.3,0.555,0.0000
step,fixed10,random,236,0.2,160.5,0.1897,0.3715,0.1902,0.0180,5.0,64.6,0.000,0.000,0.000,150.2,0.527,0.0000
step,bsf,random,236,0.2,165.5,0.1883,0.3648,0.1888,0.4760,5.0,162.8,0.000,0.000,0.000,154.9,0.544,0.0000
circle,fixed10,random,236,0.0,160.2,19243.7029,43916.9450,39462.1584,0.9950,24.4,295.8,0.000,0.000,0.000,149.9,0.526,0.6638
circle,bsf,random,236,0.0,161.1,0.1000,1.5240,0.0476,0.3130,4.1,134.3,0.000,0.000,0.000,150.8,0.529,0.0012
circle,fixed10,random,236,0.2,163.0,3575.6758,7850.7153,7086.8893,0.9790,24.6,298.7,0.000,0.000,0.000,152.6,0.536,0.4168
circle,bsf,random,236,0.2,159.8,0.2161,1.5283,0.1946,0.5340,5.1,162.8,0.000,0.000,0.000,149.6,0.525,0.0013
fig8,fixed10,random,236,0.0,164.7,0.0441,0.4593,0.0484,0.0090,4.0,54.0,0.000,0.000,0.000,154.1,0.541,0.0000
fig8,bsf,random,236,0.0,162.9,0.0447,0.4415,0.0540,0.2900,4.0,133.5,0.000,0.000,0.000,152.5,0.535,0.0000
fig8,fixed10,random,236,0.2,161.5,0.1956,0.4717,0.1961,0.0180,5.0,65.4,0.000,0.000,0.000,151.1,0.530,0.0000
fig8,bsf,random,236,0.2,161.3,0.1940,0.4504,0.1960,0.5210,5.0,163.4,0.000,0.000,0.000,151.0,0.530,0.0000
hover,fixed10,periodic,236,0.0,194.0,0.0104,0.0764,0.0007,0.2000,4.0,54.4,0.000,0.000,0.000,154.8,0.543,0.0000
hover,bsf,periodic,236,0.0,188.8,0.0031,0.0561,0.0000,0.2000,4.0,134.3,0.000,0.000,0.000,150.7,0.529,0.0000
hover,fixed10,periodic,236,0.2,191.8,0.5567,3.9976,0.6853,0.2000,5.3,66.3,0.000,0.000,0.000,153.1,0.537,0.0030
hover,bsf,periodic,236,0.2,198.1,0.1883,0.1962,0.1888,0.2020,5.0,162.8,0.000,0.000,0.000,158.1,0.555,0.0000
step,fixed10,periodic,236,0.0,190.6,0.0181,0.2746,0.0034,0.2000,4.0,53.6,0.000,0.000,0.000,152.1,0.534,0.0000
step,bsf,periodic,236,0.0,192.0,0.0156,0.2803,0.0003,0.2000,4.0,133.8,0.000,0.000,0.000,153.2,0.538,0.0000
step,fixed10,periodic,236,0.2,200.8,0.5795,3.9976,1.0679,0.2010,5.4,65.3,0.000,0.000,0.000,160.2,0.562,0.0063
step,bsf,periodic,236,0.2,188.8,0.1883,0.3648,0.1888,0.2000,5.0,163.1,0.000,0.000,0.000,150.7,0.529,0.0000
circle,fixed10,periodic,236,0.0,190.7,0.2419,1.5405,0.0997,0.2000,4.2,54.6,0.000,0.000,0.000,152.2,0.534,0.0008
circle,bsf,periodic,236,0.0,192.4,0.0995,1.5241,0.0476,0.2010,4.1,135.5,0.000,0.000,0.000,153.6,0.539,0.0012
circle,fixed10,periodic,236,0.2,192.3,4804.3979,14497.7189,11959.8531,0.6780,14.0,232.1,0.000,0.000,0.000,153.5,0.539,0.5159
circle,bsf,periodic,236,0.2,188.9,0.2166,1.5284,0.1947,0.2030,5.1,163.0,0.000,0.000,0.000,150.8,0.529,0.0017
fig8,fixed10,periodic,236,0.0,191.2,0.1230,1.0303,0.0487,0.2000,4.1,54.5,0.000,0.000,0.000,152.6,0.535,0.0000
fig8,bsf,periodic,236,0.0,192.8,0.0447,0.4415,0.0540,0.2000,4.0,133.5,0.000,0.000,0.000,153.9,0.540,0.0000
fig8,fixed10,periodic,236,0.2,192.6,0.6416,4.5970,1.0566,0.2010,5.5,65.4,0.000,0.000,0.000,153.8,0.540,0.0127
fig8,bsf,periodic,236,0.2,187.5,0.1940,0.4504,0.1960,0.2000,5.0,163.8,0.000,0.000,0.000,149.6,0.525,0.0000
hover,fixed10,burst,236,0.0,209.4,0.0138,0.0878,0.0002,0.1210,4.0,53.8,0.000,0.000,0.000,155.6,0.546,0.0000
hover,bsf,burst,236,0.0,204.0,0.0031,0.0561,0.0000,0.1210,4.0,134.2,0.000,0.000,0.000,151.5,0.532,0.0000
hover,fixed10,burst,236,0.2,212.3,1.4261,9.6648,2.3659,0.1330,5.7,65.1,0.000,0.000,0.000,157.7,0.553,0.0097
hover,bsf,burst,236,0.2,201.1,0.1883,0.1962,0.1888,0.1230,5.0,164.3,0.000,0.000,0.000,149.4,0.524,0.0000
step,fixed10,burst,236,0.0,201.1,0.0202,0.2744,0.0165,0.1210,4.0,53.4,0.000,0.000,0.000,149.4,0.524,0.0000
step,bsf,burst,236,0.0,198.8,0.0156,0.2803,0.0003,0.1210,4.0,134.5,0.000,0.000,0.000,147.6,0.518,0.0000
step,fixed10,burst,236,0.2,208.0,13595.8801,31382.9918,28123.2639,0.9810,19.5,236.9,0.000,0.000,0.000,154.5,0.542,0.5278
step,bsf,burst,236,0.2,205.2,0.1883,0.3648,0.1888,0.1210,5.0,162.9,0.000,0.000,0.000,152.5,0.535,0.0000
circle,fixed10,burst,236,0.0,204.6,0.2882,1.5556,0.0453,0.1220,4.1,54.7,0.000,0.000,0.000,151.9,0.533,0.0011
circle,bsf,burst,236,0.0,208.2,0.0999,1.5241,0.0476,0.1210,4.1,133.4,0.000,0.000,0.000,154.7,0.543,0.0017
circle,fixed10,burst,236,0.2,208.3,1.5280,10.2507,2.1768,0.1290,5.5,66.0,0.000,0.000,0.000,154.7,0.543,0.0055
circle,bsf,burst,236,0.2,205.0,0.2166,1.5284,0.1947,0.1230,5.1,164.0,0.000,0.000,0.000,152.3,0.534,0.0017
fig8,fixed10,burst,236,0.0,204.5,0.1818,1.3266,0.0697,0.1210,4.1,54.3,0.000,0.000,0.000,151.9,0.533,0.0000
fig8,bsf,burst,236,0.0,201.7,0.0447,0.4415,0.0540,0.1210,4.0,134.5,0.000,0.000,0.000,149.8,0.526,0.0000
fig8,fixed10,burst,236,0.2,204.5,1.4918,10.2343,1.5061,0.1290,5.5,65.0,0.000,0.000,0.000,151.9,0.533,0.0074
fig8,bsf,burst,236,0.2,209.8,0.1940,0.4504,0.1960,0.1210,5.0,162.2,0.000,0.000,0.000,155.8,0.547,0.0000
hover,fixed10,random,237,0.0,162.9,0.0032,0.0508,0.0000,0.0110,4.0,54.1,0.000,0.000,0.000,152.6,0.536,0.0000
hover,bsf,random,237,0.0,166.0,0.0027,0.0499,0.0000,0.2560,4.0,134.6,0.000,0.000,0.000,155.5,0.546,0.0000
hover,fixed10,random,237,0.2,170.2,0.1898,0.1956,0.1902,0.0160,5.0,65.1,0.000,0.000,0.000,159.4,0.559,0.0000
hover,bsf,random,237,0.2,161.6,0.1883,0.1939,0.1888,0.5060,5.0,162.8,0.000,0.000,0.000,151.4,0.531,0.0000
step,fixed10,random,237,0.0,161.1,0.0152,0.2746,0.0001,0.0120,4.0,53.9,0.000,0.000,0.000,150.9,0.530,0.0000
step,bsf,random,237,0.0,170.6,0.0155,0.2803,0.0003,0.2450,4.0,133.9,0.000,0.000,0.000,159.8,0.561,0.0000
step,fixed10,random,237,0.2,160.7,0.1899,0.3719,0.1902,0.0180,5.0,63.7,0.000,0.000,0.000,150.6,0.528,0.0000
step,bsf,random,237,0.2,161.2,0.1884,0.3648,0.1888,0.5050,5.0,162.1,0.000,0.000,0.000,151.0,0.530,0.0000
circle,fixed10,random,237,0.0,160.9,0.1111,1.5927,0.0426,0.0120,4.0,53.7,0.000,0.000,0.000,150.7,0.529,0.0018
circle,bsf,random,237,0.0,164.5,0.1029,1.5783,0.0476,0.2850,4.1,134.6,0.000,0.000,0.000,154.1,0.541,0.0012
circle,fixed10,random,237,0.2,166.2,0.2244,1.5947,0.1956,0.0170,5.0,65.7,0.000,0.000,0.000,155.7,0.546,0.0019
circle,bsf,random,237,0.2,163.2,0.2173,1.5832,0.1946,0.5030,5.1,162.8,0.000,0.000,0.000,152.8,0.536,0.0013
fig8,fixed10,random,237,0.0,166.3,0.0472,0.5324,0.0484,0.0110,4.0,53.4,0.000,0.000,0.000,155.7,0.546,0.0000
fig8,bsf,random,237,0.0,164.7,0.0469,0.5114,0.0540,0.2670,4.0,133.0,0.000,0.000,0.000,154.3,0.541,0.0000
fig8,fixed10,random,237,0.2,160.9,0.1966,0.5475,0.1961,0.0190,5.0,64.4,0.000,0.000,0.000,150.7,0.529,0.0000
fig8,bsf,random,237,0.2,189.8,0.1947,0.5209,0.1960,0.3270,5.0,163.6,0.000,0.000,0.000,177.8,0.624,0.0000
hover,fixed10,periodic,237,0.0,189.6,0.0089,0.0678,0.0003,0.2000,4.0,53.7,0.000,0.000,0.000,151.3,0.531,0.0000
hover,bsf,periodic,237,0.0,191.2,0.0027,0.0499,0.0000,0.2000,4.0,134.9,0.000,0.000,0.000,152.6,0.535,0.0000
hover,fixed10,periodic,237,0.2,201.6,16.2798,131.7440,26.2790,0.2770,7.0,65.4,0.000,0.000,0.000,160.9,0.565,0.0470
hover,bsf,periodic,237,0.2,190.8,0.1883,0.1939,0.1888,0.2000,5.0,162.6,0.000,0.000,0.000,152.3,0.534,0.0000
step,fixed10,periodic,237,0.0,191.4,0.0173,0.2746,0.0017,0.2000,4.0,53.9,0.000,0.000,0.000,152.7,0.536,0.0000
step,bsf,periodic,237,0.0,189.4,0.0155,0.2803,0.0003,0.2000,4.0,134.6,0.000,0.000,0.000,151.2,0.530,0.0000
step,fixed10,periodic,237,0.2,190.3,223.7868,1231.5185,587.9650,0.3590,7.9,65.5,0.000,0.000,0.000,151.9,0.533,0.1110
step,bsf,periodic,237,0.2,193.5,0.1884,0.3648,0.1888,0.2010,5.0,163.0,0.000,0.000,0.000,154.5,0.542,0.0000
circle,fixed10,periodic,237,0.0,185.8,0.2506,1.5956,0.0845,0.2000,4.2,53.8,0.000,0.000,0.000,148.3,0.520,0.0013
circle,bsf,periodic,237,0.0,192.4,0.1033,1.5783,0.0476,0.2000,4.1,134.1,0.000,0.000,0.000,153.5,0.539,0.0012
circle,fixed10,periodic,237,0.2,189.2,5766.6207,14607.5502,12788.6844,0.8370,16.3,229.6,0.000,0.000,0.000,151.0,0.530,0.4337
circle,bsf,periodic,237,0.2,190.4,0.2179,1.5832,0.1946,0.2010,5.0,164.3,0.000,0.000,0.000,151.9,0.533,0.0013
fig8,fixed10,periodic,237,0.0,187.7,0.1328,1.0917,0.0487,0.2000,4.1,53.9,0.000,0.000,0.000,149.8,0.526,0.0000
fig8,bsf,periodic,237,0.0,191.1,0.0469,0.5114,0.0540,0.2000,4.0,134.7,0.000,0.000,0.000,152.5,0.535,0.0000
fig8,fixed10,periodic,237,0.2,190.0,0.6560,4.7192,1.1093,0.2040,5.5,66.0,0.000,0.000,0.000,151.6,0.532,0.0111
fig8,bsf,periodic,237,0.2,195.2,0.1947,0.5209,0.1960,0.2000,5.0,163.5,0.000,0.000,0.000,155.8,0.547,0.0000
hover,fixed10,burst,237,0.0,190.5,0.0032,0.0508,0.0000,0.1840,4.0,53.7,0.000,0.000,0.000,149.6,0.525,0.0000
hover,bsf,burst,237,0.0,195.8,0.0027,0.0499,0.0000,0.1840,4.0,134.0,0.000,0.000,0.000,153.9,0.540,0.0000
hover,fixed10,burst,237,0.2,190.5,0.1898,0.1956,0.1902,0.1840,5.0,65.0,0.000,0.000,0.000,149.7,0.525,0.0000
hover,bsf,burst,237,0.2,189.8,0.1883,0.1939,0.1888,0.1850,5.0,161.7,0.000,0.000,0.000,149.1,0.523,0.0000
step,fixed10,burst,237,0.0,199.0,0.0152,0.2746,0.0002,0.1840,4.0,54.0,0.000,0.000,0.000,156.3,0.549,0.0000
step,bsf,burst,237,0.0,201.1,0.0155,0.2803,0.0003,0.1840,4.0,134.5,0.000,0.000,0.000,158.0,0.554,0.0000
step,fixed10,burst,237,0.2,203.1,0.1899,0.3715,0.1902,0.1840,5.0,65.2,0.000,0.000,0.000,159.6,0.560,0.0000
step,bsf,burst,237,0.2,193.3,0.1884,0.3648,0.1888,0.1840,5.0,163.7,0.000,0.000,0.000,151.9,0.533,0.0000
circle,fixed10,burst,237,0.0,195.6,117.8923,536.5992,335.8470,0.3140,7.3,54.0,0.000,0.000,0.000,153.7,0.539,0.0342
circle,bsf,burst,237,0.0,191.9,0.1032,1.5783,0.0476,0.1960,4.1,135.1,0.000,0.000,0.000,150.8,0.529,0.0012
circle,fixed10,burst,237,0.2,191.6,115.9860,528.4673,329.7839,0.3140,8.0,65.6,0.000,0.000,0.000,150.6,0.528,0.0344
circle,bsf,burst,237,0.2,191.6,0.2179,1.5832,0.1946,0.1950,5.0,162.0,0.000,0.000,0.000,150.6,0.528,0.0013
fig8,fixed10,burst,237,0.0,201.5,135.4481,646.3336,383.6611,0.3130,7.4,54.0,0.000,0.000,0.000,158.3,0.556,0.0902
fig8,bsf,burst,237,0.0,192.7,0.0469,0.5114,0.0540,0.1850,4.0,134.4,0.000,0.000,0.000,151.4,0.531,0.0000
fig8,fixed10,burst,237,0.2,193.0,143.3019,646.1645,406.4322,0.3120,8.1,64.6,0.000,0.000,0.000,151.7,0.532,0.1045
fig8,bsf,burst,237,0.2,193.6,0.1947,0.5209,0.1960,0.1850,5.0,164.2,0.000,0.000,0.000,152.1,0.534,0.0000
hover,fixed10,random,238,0.0,158.4,0.0043,0.0608,0.0000,0.0170,4.0,54.2,0.000,0.000,0.000,151.1,0.530,0.0000
hover,bsf,random,238,0.0,163.2,0.0032,0.0580,0.0000,0.2840,4.0,133.6,0.000,0.000,0.000,155.7,0.546,0.0000
hover,fixed10,random,238,0.2,161.0,0.1897,0.1979,0.1902,0.0310,5.0,66.1,0.000,0.000,0.000,153.6,0.539,0.0000
hover,bsf,random,238,0.2,158.8,0.1883,0.1963,0.1888,0.5440,5.0,162.8,0.000,0.000,0.000,151.5,0.532,0.0000
step,fixed10,random,238,0.0,156.7,0.0155,0.2746,0.0002,0.0170,4.0,54.2,0.000,0.000,0.000,149.5,0.525,0.0000
step,bsf,random,238,0.0,159.9,0.0156,0.2803,0.0003,0.3060,4.0,133.5,0.000,0.000,0.000,152.6,0.535,0.0000
step,fixed10,random,238,0.2,162.1,0.1897,0.3715,0.1902,0.0270,5.0,65.3,0.000,0.000,0.000,154.6,0.543,0.0000
step,bsf,random,238,0.2,158.2,0.1883,0.3648,0.1888,0.5420,5.0,162.5,0.000,0.000,0.000,151.0,0.530,0.0000
circle,fixed10,random,238,0.0,159.1,0.1210,1.5757,0.0426,0.0160,4.1,53.9,0.000,0.000,0.000,151.8,0.532,0.0012
circle,bsf,random,238,0.0,159.0,0.1029,1.5636,0.0476,0.3310,4.1,133.5,0.000,0.000,0.000,151.7,0.532,0.0010
circle,fixed10,random,238,0.2,155.9,0.2291,1.5824,0.1950,0.0320,5.0,65.6,0.000,0.000,0.000,148.7,0.522,0.0012
circle,bsf,random,238,0.2,160.1,0.2173,1.5679,0.1946,0.5500,5.1,162.8,0.000,0.000,0.000,152.8,0.536,0.0018
fig8,fixed10,random,238,0.0,159.0,0.0464,0.4557,0.0484,0.0160,4.0,53.7,0.000,0.000,0.000,151.7,0.532,0.0000
fig8,bsf,random,238,0.0,155.7,0.0446,0.4380,0.0540,0.3250,4.0,132.8,0.000,0.000,0.000,148.6,0.521,0.0000
fig8,fixed10,random,238,0.2,154.7,0.1966,0.5070,0.1961,0.0310,5.0,65.3,0.000,0.000,0.000,147.6,0.518,0.0000
fig8,bsf,random,238,0.2,154.1,0.1940,0.4470,0.1960,0.5800,5.0,163.5,0.000,0.000,0.000,147.1,0.516,0.0000
hover,fixed10,periodic,238,0.0,187.6,0.0114,0.0857,0.0007,0.2000,4.0,53.6,0.000,0.000,0.000,149.7,0.525,0.0000
hover,bsf,periodic,238,0.0,191.9,0.0032,0.0580,0.0000,0.2000,4.0,135.0,0.000,0.000,0.000,153.1,0.537,0.0000
hover,fixed10,periodic,238,0.2,191.4,0.4957,3.9881,0.4085,0.2000,5.2,65.6,0.000,0.000,0.000,152.8,0.536,0.0018
hover,bsf,periodic,238,0.2,194.2,0.1883,0.1963,0.1888,0.2040,5.0,164.0,0.000,0.000,0.000,155.0,0.544,0.0000
step,fixed10,periodic,238,0.0,187.5,0.0187,0.2746,0.0035,0.2000,4.0,53.3,0.000,0.000,0.000,149.6,0.525,0.0000
step,bsf,periodic,238,0.0,190.2,0.0156,0.2803,0.0003,0.2000,4.0,133.0,0.000,0.000,0.000,151.8,0.533,0.0000
step,fixed10,periodic,238,0.2,190.5,0.5227,3.9881,0.7066,0.2010,5.3,65.9,0.000,0.000,0.000,152.0,0.533,0.0077
step,bsf,periodic,238,0.2,192.6,0.1883,0.3648,0.1888,0.2000,5.0,161.8,0.000,0.000,0.000,153.7,0.539,0.0000
circle,fixed10,periodic,238,0.0,193.6,0.2450,1.5757,0.0891,0.2000,4.2,53.6,0.000,0.000,0.000,154.5,0.542,0.0015
circle,bsf,periodic,238,0.0,187.8,0.1017,1.5636,0.0476,0.2000,4.1,134.5,0.000,0.000,0.000,149.9,0.526,0.0014
circle,fixed10,periodic,238,0.2,187.9,0.8277,4.6693,1.7149,0.2050,5.6,66.3,0.000,0.000,0.000,150.0,0.526,0.0117
circle,bsf,periodic,238,0.2,189.5,0.2173,1.5679,0.1946,0.2010,5.1,162.7,0.000,0.000,0.000,151.2,0.531,0.0014
fig8,fixed10,periodic,238,0.0,191.5,0.1203,1.0086,0.0487,0.2000,4.1,53.7,0.000,0.000,0.000,152.8,0.536,0.0000
fig8,bsf,periodic,238,0.0,221.0,0.0446,0.4380,0.0540,0.2000,4.0,134.8,0.000,0.000,0.000,176.4,0.619,0.0000
fig8,fixed10,periodic,238,0.2,190.4,0.6883,4.5840,1.2280,0.2000,5.7,65.8,0.000,0.000,0.000,152.0,0.533,0.0163
fig8,bsf,periodic,238,0.2,190.7,0.1940,0.4470,0.1960,0.2000,5.0,163.0,0.000,0.000,0.000,152.2,0.534,0.0000
hover,fixed10,burst,238,0.0,191.9,0.0071,0.0757,0.0012,0.1810,4.0,53.7,0.000,0.000,0.000,150.3,0.528,0.0000
hover,bsf,burst,238,0.0,192.4,0.0032,0.0580,0.0000,0.1810,4.0,133.5,0.000,0.000,0.000,150.8,0.529,0.0000
hover,fixed10,burst,238,0.2,192.2,0.1898,0.2081,0.1905,0.1810,5.0,64.6,0.000,0.000,0.000,150.6,0.529,0.0000
hover,bsf,burst,238,0.2,189.9,0.1883,0.1963,0.1888,0.1830,5.0,164.4,0.000,0.000,0.000,148.8,0.522,0.0000
step,fixed10,burst,238,0.0,194.5,0.0165,0.2746,0.0034,0.1810,4.0,53.2,0.000,0.000,0.000,152.4,0.535,0.0000
step,bsf,burst,238,0.0,197.0,0.0156,0.2803,0.0003,0.1810,4.0,134.0,0.000,0.000,0.000,154.4,0.542,0.0000
step,fixed10,burst,238,0.2,196.5,0.1899,0.3715,0.1907,0.1810,5.0,64.9,0.000,0.000,0.000,154.0,0.540,0.0000
step,bsf,burst,238,0.2,198.5,0.1883,0.3648,0.1888,0.1830,5.0,163.3,0.000,0.000,0.000,155.5,0.546,0.0000
circle,fixed10,burst,238,0.0,198.5,265.5172,813.5847,655.9199,0.4540,9.9,55.1,0.000,0.000,0.000,155.6,0.546,0.1329
circle,bsf,burst,238,0.0,193.7,0.1018,1.5636,0.0476,0.1930,4.1,134.8,0.000,0.000,0.000,151.8,0.533,0.0014
circle,fixed10,burst,238,0.2,194.5,3732.4661,9401.8114,8243.0944,0.8330,16.2,231.0,0.000,0.000,0.000,152.4,0.535,0.3865
circle,bsf,burst,238,0.2,193.9,0.2175,1.5679,0.1947,0.1960,5.1,164.8,0.000,0.000,0.000,151.9,0.533,0.0019
fig8,fixed10,burst,238,0.0,191.8,504.6435,2080.2726,1445.6276,0.3980,8.7,54.5,0.000,0.000,0.000,150.3,0.527,0.0574
fig8,bsf,burst,238,0.0,193.2,0.0446,0.4380,0.0540,0.1810,4.0,134.2,0.000,0.000,0.000,151.4,0.531,0.0000
fig8,fixed10,burst,238,0.2,194.8,592.5238,2328.7281,1670.6888,0.4480,10.0,65.8,0.000,0.000,0.000,152.6,0.536,0.1774
fig8,bsf,burst,238,0.2,191.6,0.1940,0.4470,0.1960,0.1810,5.0,164.6,0.000,0.000,0.000,150.1,0.527,0.0000
hover,fixed10,random,239,0.0,162.3,0.0041,0.0582,0.0001,0.0180,4.0,53.6,0.000,0.000,0.000,151.7,0.532,0.0000
hover,bsf,random,239,0.0,164.1,0.0032,0.0578,0.0000,0.2690,4.0,133.8,0.000,0.000,0.000,153.4,0.538,0.0000
hover,fixed10,random,239,0.2,164.8,0.1897,0.1978,0.1902,0.0350,5.0,64.8,0.000,0.000,0.000,154.0,0.540,0.0000
hover,bsf,random,239,0.2,165.5,0.1883,0.1956,0.1888,0.4930,5.0,164.2,0.000,0.000,0.000,154.7,0.543,0.0000
step,fixed10,random,239,0.0,161.0,0.0154,0.2741,0.0003,0.0200,4.0,54.0,0.000,0.000,0.000,150.5,0.528,0.0000
step,bsf,random,239,0.0,167.9,0.0156,0.2803,0.0003,0.2500,4.0,134.7,0.000,0.000,0.000,157.0,0.551,0.0000
step,fixed10,random,239,0.2,168.2,0.1898,0.3719,0.1902,0.0330,5.0,65.0,0.000,0.000,0.000,157.3,0.552,0.0000
step,bsf,random,239,0.2,195.5,0.1884,0.3648,0.1888,0.2880,5.0,163.8,0.000,0.000,0.000,182.7,0.641,0.0000
circle,fixed10,random,239,0.0,169.0,20018.0459,45505.4497,40911.8543,0.9920,25.9,310.2,0.000,0.000,0.000,158.0,0.554,0.8792
circle,bsf,random,239,0.0,166.3,0.1047,1.6086,0.0476,0.2710,4.1,134.7,0.000,0.000,0.000,155.4,0.545,0.0013
circle,fixed10,random,239,0.2,162.4,0.2319,1.6319,0.1981,0.0380,5.0,66.1,0.000,0.000,0.000,151.8,0.533,0.0018
circle,bsf,random,239,0.2,162.0,0.2191,1.6131,0.1947,0.5270,5.1,163.7,0.000,0.000,0.000,151.4,0.531,0.0016
fig8,fixed10,random,239,0.0,160.2,0.0485,0.4921,0.0484,0.0210,4.0,54.2,0.000,0.000,0.000,149.8,0.526,0.0000
fig8,bsf,random,239,0.0,171.7,0.0455,0.4636,0.0540,0.2240,4.0,133.2,0.000,0.000,0.000,160.5,0.563,0.0000
fig8,fixed10,random,239,0.2,162.5,0.1973,0.5494,0.1961,0.0360,5.0,65.0,0.000,0.000,0.000,151.9,0.533,0.0000
fig8,bsf,random,239,0.2,163.4,0.1943,0.4728,0.1960,0.5170,5.0,164.6,0.000,0.000,0.000,152.7,0.536,0.0000
hover,fixed10,periodic,239,0.0,189.1,0.0085,0.0582,0.0005,0.2000,4.0,53.7,0.000,0.000,0.000,151.0,0.530,0.0000
hover,bsf,periodic,239,0.0,200.0,0.0032,0.0578,0.0000,0.2000,4.0,135.0,0.000,0.000,0.000,159.6,0.560,0.0000
hover,fixed10,periodic,239,0.2,189.2,0.5408,4.0528,0.5189,0.2010,5.2,65.2,0.000,0.000,0.000,151.0,0.530,0.0024
hover,bsf,periodic,239,0.2,191.5,0.1883,0.1956,0.1888,0.2010,5.0,164.7,0.000,0.000,0.000,152.9,0.536,0.0000
step,fixed10,periodic,239,0.0,186.7,0.0171,0.2746,0.0028,0.2000,4.0,54.5,0.000,0.000,0.000,149.0,0.523,0.0000
step,bsf,periodic,239,0.0,190.7,0.0156,0.2803,0.0003,0.2000,4.0,133.9,0.000,0.000,0.000,152.2,0.534,0.0000
step,fixed10,periodic,239,0.2,197.7,0.5905,4.0528,0.6983,0.2010,5.3,64.8,0.000,0.000,0.000,157.8,0.554,0.0038
step,bsf,periodic,239,0.2,190.9,0.1884,0.3648,0.1888,0.2010,5.0,163.6,0.000,0.000,0.000,152.3,0.535,0.0000
circle,fixed10,periodic,239,0.0,193.8,0.2555,1.6279,0.0864,0.2000,4.2,53.6,0.000,0.000,0.000,154.7,0.543,0.0014
circle,bsf,periodic,239,0.0,190.4,0.1041,1.6086,0.0476,0.2000,4.1,136.1,0.000,0.000,0.000,152.0,0.533,0.0013
circle,fixed10,periodic,239,0.2,194.6,0.8271,4.7523,1.9753,0.2040,5.8,65.5,0.000,0.000,0.000,155.3,0.545,0.0136
circle,bsf,periodic,239,0.2,193.8,0.2187,1.6132,0.1946,0.2010,5.1,162.8,0.000,0.000,0.000,154.7,0.543,0.0016
fig8,fixed10,periodic,239,0.0,187.8,0.1324,1.1028,0.0487,0.2000,4.1,54.2,0.000,0.000,0.000,149.9,0.526,0.0000
fig8,bsf,periodic,239,0.0,191.5,0.0455,0.4636,0.0540,0.2000,4.0,134.6,0.000,0.000,0.000,152.8,0.536,0.0000
fig8,fixed10,periodic,239,0.2,189.2,0.7388,4.6627,1.4728,0.2040,5.7,65.9,0.000,0.000,0.000,151.0,0.530,0.0155
fig8,bsf,periodic,239,0.2,192.4,0.1943,0.4728,0.1960,0.2010,5.0,164.0,0.000,0.000,0.000,153.6,0.539,0.0000
hover,fixed10,burst,239,0.0,221.9,0.0037,0.0582,0.0000,0.0010,4.0,54.0,0.000,0.000,0.000,149.3,0.524,0.0000
hover,bsf,burst,239,0.0,227.6,0.0032,0.0578,0.0000,0.0010,4.0,134.5,0.000,0.000,0.000,153.1,0.537,0.0000
hover,fixed10,burst,239,0.2,235.9,0.1897,0.1971,0.1902,0.0010,5.0,64.9,0.000,0.000,0.000,158.7,0.557,0.0000
hover,bsf,burst,239,0.2,228.6,0.1883,0.1956,0.1888,0.0010,5.0,163.6,0.000,0.000,0.000,153.8,0.540,0.0000
step,fixed10,burst,239,0.0,230.0,0.0153,0.2746,0.0002,0.0010,4.0,53.6,0.000,0.000,0.000,154.7,0.543,0.0000
step,bsf,burst,239,0.0,225.2,0.0156,0.2803,0.0003,0.0010,4.0,133.9,0.000,0.000,0.000,151.5,0.532,0.0000
step,fixed10,burst,239,0.2,226.1,0.1898,0.3715,0.1902,0.0010,5.0,65.0,0.000,0.000,0.000,152.1,0.534,0.0000
step,bsf,burst,239,0.2,225.4,0.1884,0.3648,0.1888,0.0010,5.0,163.6,0.000,0.000,0.000,151.6,0.532,0.0000
circle,fixed10,burst,239,0.0,226.5,0.1140,1.6216,0.0426,0.0010,4.0,53.5,0.000,0.000,0.000,152.4,0.535,0.0013
circle,bsf,burst,239,0.0,224.0,0.1042,1.6086,0.0476,0.0170,4.1,134.8,0.000,0.000,0.000,150.7,0.529,0.0013
circle,fixed10,burst,239,0.2,219.1,0.2249,1.6234,0.1950,0.0010,5.0,64.7,0.000,0.000,0.000,147.4,0.517,0.0013
circle,bsf,burst,239,0.2,235.4,0.2187,1.6132,0.1946,0.0170,5.1,162.3,0.000,0.000,0.000,158.3,0.556,0.0016
fig8,fixed10,burst,239,0.0,230.0,0.0454,0.4827,0.0484,0.0010,4.0,53.5,0.000,0.000,0.000,154.7,0.543,0.0000
fig8,bsf,burst,239,0.0,225.0,0.0455,0.4636,0.0540,0.0020,4.0,135.2,0.000,0.000,0.000,151.3,0.531,0.0000
fig8,fixed10,burst,239,0.2,223.9,0.1960,0.5017,0.1961,0.0010,5.0,64.5,0.000,0.000,0.000,150.7,0.529,0.0000
fig8,bsf,burst,239,0.2,223.2,0.1943,0.4728,0.1960,0.0040,5.0,163.5,0.000,0.000,0.000,150.1,0.527,0.0000
hover,fixed10,random,240,0.0,163.1,0.0037,0.0580,0.0000,0.0150,4.0,53.7,0.000,0.000,0.000,152.8,0.536,0.0000
hover,bsf,random,240,0.0,160.7,0.0032,0.0573,0.0000,0.3120,4.0,134.8,0.000,0.000,0.000,150.5,0.528,0.0000
hover,fixed10,random,240,0.2,163.4,0.1898,0.1958,0.1902,0.0290,5.0,65.3,0.000,0.000,0.000,153.0,0.537,0.0000
hover,bsf,random,240,0.2,158.9,0.1884,0.1941,0.1888,0.5270,5.0,163.7,0.000,0.000,0.000,148.8,0.522,0.0000
step,fixed10,random,240,0.0,163.5,0.0153,0.2746,0.0001,0.0120,4.0,53.1,0.000,0.000,0.000,153.1,0.537,0.0000
step,bsf,random,240,0.0,159.0,0.0156,0.2803,0.0003,0.3140,4.0,133.8,0.000,0.000,0.000,148.9,0.523,0.0000
step,fixed10,random,240,0.2,161.5,0.1899,0.3715,0.1902,0.0270,5.0,64.6,0.000,0.000,0.000,151.3,0.531,0.0000
step,bsf,random,240,0.2,162.4,0.1884,0.3648,0.1888,0.5100,5.0,164.2,0.000,0.000,0.000,152.1,0.534,0.0000
circle,fixed10,random,240,0.0,163.0,19002.5607,43758.6752,39235.1514,0.9780,24.5,298.1,0.000,0.000,0.000,152.7,0.536,0.9073
circle,bsf,random,240,0.0,161.6,0.1012,1.5618,0.0476,0.3210,4.1,134.6,0.000,0.000,0.000,151.3,0.531,0.0012
circle,fixed10,random,240,0.2,162.4,0.2236,1.5782,0.1950,0.0330,5.0,65.7,0.000,0.000,0.000,152.1,0.534,0.0014
circle,bsf,random,240,0.2,158.0,0.2169,1.5667,0.1946,0.5340,5.1,163.0,0.000,0.000,0.000,148.0,0.519,0.0013
fig8,fixed10,random,240,0.0,162.2,0.0471,0.5303,0.0484,0.0130,4.0,53.7,0.000,0.000,0.000,151.9,0.533,0.0000
fig8,bsf,random,240,0.0,161.1,0.0468,0.5093,0.0540,0.3020,4.0,134.4,0.000,0.000,0.000,150.9,0.530,0.0000
fig8,fixed10,random,240,0.2,160.7,0.1966,0.5451,0.1961,0.0290,5.0,65.1,0.000,0.000,0.000,150.5,0.528,0.0000
fig8,bsf,random,240,0.2,164.7,0.1947,0.5188,0.1960,0.4830,5.0,163.3,0.000,0.000,0.000,154.3,0.541,0.0000
hover,fixed10,periodic,240,0.0,189.9,0.0104,0.0774,0.0004,0.2000,4.0,53.7,0.000,0.000,0.000,151.5,0.532,0.0000
hover,bsf,periodic,240,0.0,192.1,0.0032,0.0573,0.0000,0.2000,4.0,134.0,0.000,0.000,0.000,153.3,0.538,0.0000
hover,fixed10,periodic,240,0.2,188.0,0.5398,4.1187,0.7683,0.2000,5.3,65.3,0.000,0.000,0.000,150.1,0.526,0.0069
hover,bsf,periodic,240,0.2,191.4,0.1884,0.1941,0.1888,0.2010,5.0,163.3,0.000,0.000,0.000,152.8,0.536,0.0000
step,fixed10,periodic,240,0.0,187.2,0.0181,0.2746,0.0025,0.2000,4.0,52.9,0.000,0.000,0.000,149.4,0.524,0.0000
step,bsf,periodic,240,0.0,191.3,0.0156,0.2803,0.0003,0.2000,4.0,133.5,0.000,0.000,0.000,152.7,0.536,0.0000
step,fixed10,periodic,240,0.2,197.9,0.5384,4.1187,0.5955,0.2000,5.2,65.6,0.000,0.000,0.000,158.0,0.554,0.0047
step,bsf,periodic,240,0.2,193.3,0.1884,0.3648,0.1888,0.2010,5.0,163.4,0.000,0.000,0.000,154.3,0.541,0.0000
circle,fixed10,periodic,240,0.0,190.1,0.2512,1.6195,0.0962,0.2000,4.2,53.3,0.000,0.000,0.000,151.7,0.532,0.0008
circle,bsf,periodic,240,0.0,189.7,0.1014,1.5618,0.0476,0.2000,4.1,134.4,0.000,0.000,0.000,151.4,0.531,0.0012
circle,fixed10,periodic,240,0.2,190.9,4104.1108,10404.2332,9107.0236,0.8340,16.7,232.0,0.000,0.000,0.000,152.3,0.535,0.5008
circle,bsf,periodic,240,0.2,194.0,0.2179,1.5667,0.1947,0.2010,5.1,162.8,0.000,0.000,0.000,154.9,0.543,0.0013
fig8,fixed10,periodic,240,0.0,196.9,0.1352,1.1184,0.0487,0.2000,4.1,53.9,0.000,0.000,0.000,157.2,0.551,0.0000
fig8,bsf,periodic,240,0.0,188.3,0.0468,0.5093,0.0540,0.2000,4.0,134.6,0.000,0.000,0.000,150.3,0.527,0.0000
fig8,fixed10,periodic,240,0.2,187.1,0.6881,4.7251,1.2269,0.2030,5.6,65.6,0.000,0.000,0.000,149.3,0.524,0.0102
fig8,bsf,periodic,240,0.2,197.2,0.1947,0.5188,0.1960,0.2000,5.0,164.6,0.000,0.000,0.000,157.4,0.552,0.0000
hover,fixed10,burst,240,0.0,198.4,0.0037,0.0580,0.0000,0.1510,4.0,53.6,0.000,0.000,0.000,151.3,0.531,0.0000
hover,bsf,burst,240,0.0,198.6,0.0032,0.0573,0.0000,0.1510,4.0,133.8,0.000,0.000,0.000,151.4,0.531,0.0000
hover,fixed10,burst,240,0.2,200.0,0.1898,0.1958,0.1902,0.1510,5.0,64.6,0.000,0.000,0.000,152.5,0.535,0.0000
hover,bsf,burst,240,0.2,200.3,0.1884,0.1941,0.1888,0.1510,5.0,162.0,0.000,0.000,0.000,152.7,0.536,0.0000
step,fixed10,burst,240,0.0,201.9,0.0153,0.2746,0.0001,0.1510,4.0,53.9,0.000,0.000,0.000,154.0,0.540,0.0000
step,bsf,burst,240,0.0,201.9,0.0156,0.2803,0.0003,0.1510,4.0,133.8,0.000,0.000,0.000,154.0,0.540,0.0000
step,fixed10,burst,240,0.2,202.2,0.1899,0.3715,0.1902,0.1510,5.0,64.6,0.000,0.000,0.000,154.2,0.541,0.0000
step,bsf,burst,240,0.2,203.6,0.1884,0.3648,0.1888,0.1520,5.0,163.9,0.000,0.000,0.000,155.3,0.545,0.0000
circle,fixed10,burst,240,0.0,198.3,0.1110,1.5762,0.0427,0.1510,4.0,53.5,0.000,0.000,0.000,151.2,0.531,0.0015
circle,bsf,burst,240,0.0,202.2,0.1014,1.5618,0.0476,0.1640,4.1,134.0,0.000,0.000,0.000,154.2,0.541,0.0012
circle,fixed10,burst,240,0.2,197.5,0.2294,1.5782,0.2192,0.1510,5.0,65.1,0.000,0.000,0.000,150.6,0.529,0.0014
circle,bsf,burst,240,0.2,195.0,0.2175,1.5667,0.1946,0.1640,5.0,163.6,0.000,0.000,0.000,148.7,0.522,0.0013
fig8,fixed10,burst,240,0.0,200.3,0.0482,0.5303,0.0486,0.1510,4.0,53.7,0.000,0.000,0.000,152.8,0.536,0.0000
fig8,bsf,burst,240,0.0,198.5,0.0468,0.5093,0.0540,0.1520,4.0,134.1,0.000,0.000,0.000,151.4,0.531,0.0000
fig8,fixed10,burst,240,0.2,198.9,0.2056,0.7066,0.2045,0.1510,5.0,64.7,0.000,0.000,0.000,151.7,0.532,0.0004
fig8,bsf,burst,240,0.2,204.7,0.1947,0.5188,0.1960,0.1520,5.0,162.7,0.000,0.000,0.000,156.1,0.548,0.0000
hover,fixed10,random,241,0.0,163.8,0.0026,0.0402,0.0000,0.0120,4.0,53.6,0.000,0.000,0.000,153.2,0.538,0.0000
hover,bsf,random,241,0.0,160.6,0.0022,0.0395,0.0000,0.2870,4.0,133.9,0.000,0.000,0.000,150.3,0.527,0.0000
hover,fixed10,random,241,0.2,165.9,0.1897,0.1970,0.1902,0.0170,5.0,64.2,0.000,0.000,0.000,155.2,0.544,0.0000
hover,bsf,random,241,0.2,161.7,0.1883,0.1956,0.1888,0.5210,5.0,163.8,0.000,0.000,0.000,151.2,0.531,0.0000
step,fixed10,random,241,0.0,163.6,0.0151,0.2746,0.0001,0.0130,4.0,54.0,0.000,0.000,0.000,153.0,0.537,0.0000
step,bsf,random,241,0.0,165.1,0.0154,0.2803,0.0003,0.2720,4.0,136.0,0.000,0.000,0.000,154.5,0.542,0.0000
step,fixed10,random,241,0.2,167.0,0.1898,0.3715,0.1902,0.0170,5.0,64.8,0.000,0.000,0.000,156.2,0.548,0.0000
step,bsf,random,241,0.2,165.3,0.1883,0.3648,0.1888,0.4920,5.0,163.4,0.000,0.000,0.000,154.6,0.543,0.0000
circle,fixed10,random,241,0.0,160.5,20193.7314,45923.6251,41298.4811,0.9910,24.5,296.2,0.000,0.000,0.000,150.1,0.527,0.8109
circle,bsf,random,241,0.0,160.1,0.1030,1.5879,0.0476,0.3180,4.1,135.1,0.000,0.000,0.000,149.8,0.526,0.0013
circle,fixed10,random,241,0.2,162.6,0.2248,1.6026,0.1953,0.0200,5.0,64.8,0.000,0.000,0.000,152.1,0.534,0.0013
circle,bsf,random,241,0.2,168.2,0.2181,1.5924,0.1947,0.4890,5.1,163.8,0.000,0.000,0.000,157.3,0.552,0.0019
fig8,fixed10,random,241,0.0,164.0,0.0450,0.4772,0.0484,0.0130,4.0,53.6,0.000,0.000,0.000,153.4,0.538,0.0000
fig8,bsf,random,241,0.0,161.6,0.0453,0.4584,0.0540,0.2850,4.0,134.5,0.000,0.000,0.000,151.1,0.530,0.0000
fig8,fixed10,random,241,0.2,163.8,0.1959,0.4937,0.1961,0.0180,5.0,64.8,0.000,0.000,0.000,153.3,0.538,0.0000
fig8,bsf,random,241,0.2,164.6,0.1942,0.4676,0.1960,0.4980,5.0,163.5,0.000,0.000,0.000,153.9,0.540,0.0000
hover,fixed10,periodic,241,0.0,185.8,0.0075,0.0564,0.0005,0.2000,4.0,53.7,0.000,0.000,0.000,148.3,0.520,0.0000
hover,bsf,periodic,241,0.0,190.5,0.0022,0.0395,0.0000,0.2000,4.0,135.0,0.000,0.000,0.000,152.1,0.534,0.0000
hover,fixed10,periodic,241,0.2,191.5,0.5153,4.0235,0.6014,0.2000,5.2,65.4,0.000,0.000,0.000,152.9,0.536,0.0037
hover,bsf,periodic,241,0.2,189.3,0.1883,0.1956,0.1888,0.2000,5.0,163.5,0.000,0.000,0.000,151.1,0.530,0.0000
step,fixed10,periodic,241,0.0,201.7,0.0167,0.2746,0.0027,0.1980,4.0,53.4,0.000,0.000,0.000,161.0,0.565,0.0000
step,bsf,periodic,241,0.0,193.2,0.0154,0.2803,0.0003,0.2000,4.0,133.4,0.000,0.000,0.000,154.2,0.541,0.0000
step,fixed10,periodic,241,0.2,189.0,0.5262,4.0235,0.6143,0.2000,5.3,65.3,0.000,0.000,0.000,150.9,0.529,0.0042
step,bsf,periodic,241,0.2,191.6,0.1883,0.3648,0.1888,0.2000,5.0,164.8,0.000,0.000,0.000,153.0,0.537,0.0000
circle,fixed10,periodic,241,0.0,194.2,0.2542,1.6198,0.0878,0.2000,4.2,53.8,0.000,0.000,0.000,155.0,0.544,0.0016
circle,bsf,periodic,241,0.0,188.9,0.1032,1.5880,0.0476,0.2010,4.1,134.4,0.000,0.000,0.000,150.7,0.529,0.0013
circle,fixed10,periodic,241,0.2,193.4,0.7813,4.7294,1.9465,0.2020,5.7,65.1,0.000,0.000,0.000,154.3,0.542,0.0107
circle,bsf,periodic,241,0.2,189.2,0.2184,1.5924,0.1948,0.2000,5.0,163.0,0.000,0.000,0.000,151.1,0.530,0.0018
fig8,fixed10,periodic,241,0.0,193.9,0.1321,1.1039,0.0502,0.2000,4.1,53.3,0.000,0.000,0.000,154.8,0.543,0.0000
fig8,bsf,periodic,241,0.0,188.0,0.0453,0.4584,0.0540,0.2000,4.0,134.3,0.000,0.000,0.000,150.0,0.526,0.0000
fig8,fixed10,periodic,241,0.2,188.4,9761.9883,26472.5214,22752.1388,0.7590,15.0,228.3,0.000,0.000,0.000,150.4,0.528,0.3877
fig8,bsf,periodic,241,0.2,189.6,0.1942,0.4676,0.1960,0.2010,5.0,163.6,0.000,0.000,0.000,151.3,0.531,0.0000
hover,fixed10,burst,241,0.0,227.8,0.0026,0.0402,0.0000,0.0060,4.0,53.3,0.000,0.000,0.000,178.5,0.626,0.0000
hover,bsf,burst,241,0.0,194.5,0.0022,0.0395,0.0000,0.1810,4.0,134.1,0.000,0.000,0.000,152.4,0.535,0.0000
hover,fixed10,burst,241,0.2,193.0,0.1899,0.2148,0.1905,0.1810,5.0,64.5,0.000,0.000,0.000,151.2,0.531,0.0000
hover,bsf,burst,241,0.2,196.8,0.1883,0.1956,0.1888,0.1810,5.0,162.9,0.000,0.000,0.000,154.2,0.541,0.0000
step,fixed10,burst,241,0.0,194.5,0.0151,0.2746,0.0001,0.1810,4.0,53.5,0.000,0.000,0.000,152.4,0.535,0.0000
step,bsf,burst,241,0.0,197.2,0.0154,0.2803,0.0003,0.1810,4.0,134.6,0.000,0.000,0.000,154.5,0.542,0.0000
step,fixed10,burst,241,0.2,198.7,0.1900,0.3715,0.1907,0.1810,5.0,64.6,0.000,0.000,0.000,155.7,0.546,0.0000
step,bsf,burst,241,0.2,194.6,0.1883,0.3648,0.1888,0.1810,5.0,163.5,0.000,0.000,0.000,152.5,0.535,0.0000
circle,fixed10,burst,241,0.0,203.2,1035.1106,3254.3220,2639.0534,0.5630,11.6,56.6,0.000,0.000,0.000,159.2,0.559,0.2785
circle,bsf,burst,241,0.0,195.2,0.1047,1.5879,0.0476,0.2000,4.1,134.8,0.000,0.000,0.000,153.0,0.537,0.0013
circle,fixed10,burst,241,0.2,192.1,2437.6067,7581.4288,6242.0055,0.5650,11.6,68.5,0.000,0.000,0.000,150.5,0.528,0.1041
circle,bsf,burst,241,0.2,197.5,0.2187,1.5924,0.1946,0.1950,5.1,164.3,0.000,0.000,0.000,154.7,0.543,0.0014
fig8,fixed10,burst,241,0.0,192.5,1798.3390,5727.6778,4659.7357,0.5650,11.2,63.4,0.000,0.000,0.000,150.9,0.529,0.0610
fig8,bsf,burst,241,0.0,190.0,0.0453,0.4584,0.0540,0.1810,4.0,135.2,0.000,0.000,0.000,148.9,0.522,0.0000
fig8,fixed10,burst,241,0.2,198.4,2312.8325,7829.8995,6162.9640,0.5410,11.7,76.1,0.000,0.000,0.000,155.5,0.546,0.1868
fig8,bsf,burst,241,0.2,195.0,0.1942,0.4676,0.1960,0.1810,5.0,164.6,0.000,0.000,0.000,152.8,0.536,0.0000
hover,fixed10,random,242,0.0,167.1,0.0039,0.0595,0.0000,0.0090,4.0,53.9,0.000,0.000,0.000,157.8,0.554,0.0000
hover,bsf,random,242,0.0,163.3,0.0034,0.0577,0.0000,0.2930,4.0,134.7,0.000,0.000,0.000,154.3,0.541,0.0000
hover,fixed10,random,242,0.2,163.7,0.1898,0.1994,0.1902,0.0150,5.0,65.4,0.000,0.000,0.000,154.7,0.543,0.0000
hover,bsf,random,242,0.2,160.8,0.1883,0.1948,0.1888,0.5420,5.0,163.9,0.000,0.000,0.000,151.9,0.533,0.0000
step,fixed10,random,242,0.0,180.4,0.0154,0.2746,0.0002,0.0080,4.0,54.0,0.000,0.000,0.000,170.5,0.598,0.0000
step,bsf,random,242,0.0,163.5,0.0156,0.2803,0.0004,0.2940,4.0,134.3,0.000,0.000,0.000,154.5,0.542,0.0000
step,fixed10,random,242,0.2,160.4,0.1899,0.3719,0.1902,0.0160,5.0,65.8,0.000,0.000,0.000,151.5,0.532,0.0000
step,bsf,random,242,0.2,161.5,0.1884,0.3648,0.1888,0.5280,5.0,164.1,0.000,0.000,0.000,152.6,0.535,0.0000
circle,fixed10,random,242,0.0,159.2,0.1247,1.6256,0.0426,0.0130,4.1,53.4,0.000,0.000,0.000,150.4,0.528,0.0016
circle,bsf,random,242,0.0,164.3,0.1046,1.6112,0.0476,0.3060,4.1,135.1,0.000,0.000,0.000,155.2,0.545,0.0013
circle,fixed10,random,242,0.2,159.8,0.2315,1.6346,0.1958,0.0170,5.0,64.9,0.000,0.000,0.000,150.9,0.530,0.0012
circle,bsf,random,242,0.2,163.2,0.2188,1.6160,0.1947,0.5260,5.1,164.2,0.000,0.000,0.000,154.2,0.541,0.0019
fig8,fixed10,random,242,0.0,159.1,0.0493,0.5162,0.0484,0.0120,4.0,53.7,0.000,0.000,0.000,150.3,0.527,0.0000
fig8,bsf,random,242,0.0,163.1,0.0462,0.4921,0.0540,0.2980,4.0,134.9,0.000,0.000,0.000,154.1,0.541,0.0000
fig8,fixed10,random,242,0.2,165.4,0.1979,0.5686,0.1961,0.0160,5.0,65.1,0.000,0.000,0.000,156.3,0.548,0.0000
fig8,bsf,random,242,0.2,161.0,0.1945,0.5015,0.1960,0.5400,5.0,164.5,0.000,0.000,0.000,152.1,0.534,0.0000
hover,fixed10,periodic,242,0.0,186.6,0.0120,0.0934,0.0009,0.2000,4.0,53.5,0.000,0.000,0.000,148.9,0.522,0.0000
hover,bsf,periodic,242,0.0,190.6,0.0034,0.0577,0.0000,0.2000,4.0,135.0,0.000,0.000,0.000,152.1,0.534,0.0000
hover,fixed10,periodic,242,0.2,200.8,0.6062,4.0766,1.1276,0.2010,5.5,66.0,0.000,0.000,0.000,160.2,0.562,0.0076
hover,bsf,periodic,242,0.2,192.8,0.1883,0.1948,0.1888,0.2010,5.0,164.4,0.000,0.000,0.000,153.9,0.540,0.0000
step,fixed10,periodic,242,0.0,195.3,0.0191,0.2746,0.0037,0.2000,4.0,53.3,0.000,0.000,0.000,155.9,0.547,0.0000
step,bsf,periodic,242,0.0,189.1,0.0156,0.2803,0.0004,0.2000,4.0,134.3,0.000,0.000,0.000,150.9,0.529,0.0000
step,fixed10,periodic,242,0.2,193.4,0.5380,4.0766,0.6491,0.2000,5.3,65.0,0.000,0.000,0.000,154.4,0.542,0.0041
step,bsf,periodic,242,0.2,186.5,0.1884,0.3648,0.1888,0.2000,5.0,163.4,0.000,0.000,0.000,148.9,0.522,0.0000
circle,fixed10,periodic,242,0.0,190.5,0.2571,1.6269,0.1523,0.2000,4.2,54.2,0.000,0.000,0.000,152.1,0.534,0.0018
circle,bsf,periodic,242,0.0,191.7,0.1045,1.6113,0.0476,0.2000,4.1,134.7,0.000,0.000,0.000,153.0,0.537,0.0013
circle,fixed10,periodic,242,0.2,193.9,112.5799,561.1848,314.4788,0.3580,8.3,65.8,0.000,0.000,0.000,154.8,0.543,0.0946
circle,bsf,periodic,242,0.2,193.0,0.2192,1.6160,0.1947,0.2000,5.1,164.1,0.000,0.000,0.000,154.1,0.541,0.0018
fig8,fixed10,periodic,242,0.0,191.5,0.1321,1.0995,0.0487,0.2000,4.1,53.9,0.000,0.000,0.000,152.8,0.536,0.0000
fig8,bsf,periodic,242,0.0,187.8,0.0462,0.4921,0.0540,0.2000,4.0,135.3,0.000,0.000,0.000,149.9,0.526,0.0000
fig8,fixed10,periodic,242,0.2,194.1,0.6934,4.6838,1.3426,0.2020,5.6,65.7,0.000,0.000,0.000,155.0,0.544,0.0099
fig8,bsf,periodic,242,0.2,192.3,0.1945,0.5015,0.1960,0.2000,5.0,164.4,0.000,0.000,0.000,153.5,0.538,0.0000
hover,fixed10,burst,242,0.0,213.3,0.0039,0.0595,0.0000,0.0910,4.0,53.2,0.000,0.000,0.000,154.4,0.542,0.0000
hover,bsf,burst,242,0.0,213.3,0.0034,0.0577,0.0000,0.0910,4.0,133.7,0.000,0.000,0.000,154.4,0.542,0.0000
hover,fixed10,burst,242,0.2,205.6,0.1897,0.1964,0.1902,0.0910,5.0,64.0,0.000,0.000,0.000,148.8,0.522,0.0000
hover,bsf,burst,242,0.2,208.8,0.1883,0.1948,0.1888,0.0910,5.0,164.1,0.000,0.000,0.000,151.1,0.530,0.0000
step,fixed10,burst,242,0.0,213.7,0.0154,0.2746,0.0002,0.0910,4.0,53.4,0.000,0.000,0.000,154.7,0.543,0.0000
step,bsf,burst,242,0.0,215.4,0.0156,0.2803,0.0004,0.0910,4.0,134.3,0.000,0.000,0.000,155.9,0.547,0.0000
step,fixed10,burst,242,0.2,207.0,0.1899,0.3715,0.1902,0.0910,5.0,64.8,0.000,0.000,0.000,149.8,0.526,0.0000
step,bsf,burst,242,0.2,208.9,0.1884,0.3648,0.1888,0.0930,5.0,164.0,0.000,0.000,0.000,151.2,0.531,0.0000
circle,fixed10,burst,242,0.0,212.8,0.1139,1.6251,0.0427,0.0910,4.0,54.0,0.000,0.000,0.000,154.1,0.541,0.0013
circle,bsf,burst,242,0.0,207.6,0.1043,1.6113,0.0476,0.1050,4.1,134.8,0.000,0.000,0.000,150.3,0.527,0.0013
circle,fixed10,burst,242,0.2,213.3,0.2249,1.6270,0.1960,0.0910,5.0,65.0,0.000,0.000,0.000,154.4,0.542,0.0013
circle,bsf,burst,242,0.2,209.7,0.2205,1.6160,0.1949,0.1070,5.1,163.8,0.000,0.000,0.000,151.8,0.533,0.0017
fig8,fixed10,burst,242,0.0,206.8,0.0466,0.5121,0.0484,0.0910,4.0,53.4,0.000,0.000,0.000,149.7,0.525,0.0000
fig8,bsf,burst,242,0.0,205.5,0.0462,0.4921,0.0540,0.0930,4.0,135.1,0.000,0.000,0.000,148.8,0.522,0.0000
fig8,fixed10,burst,242,0.2,213.7,0.1968,0.5251,0.1962,0.0910,5.0,65.6,0.000,0.000,0.000,154.7,0.543,0.0000
fig8,bsf,burst,242,0.2,217.1,0.1945,0.5015,0.1960,0.0910,5.0,163.7,0.000,0.000,0.000,157.2,0.551,0.0000
hover,fixed10,random,243,0.0,168.5,0.0030,0.0488,0.0000,0.0120,4.0,53.2,0.000,0.000,0.000,160.4,0.563,0.0000
hover,bsf,random,243,0.0,165.0,0.0026,0.0480,0.0000,0.2840,4.0,133.9,0.000,0.000,0.000,157.0,0.551,0.0000
hover,fixed10,random,243,0.2,161.3,0.1897,0.1973,0.1902,0.0280,5.0,64.7,0.000,0.000,0.000,153.6,0.539,0.0000
hover,bsf,random,243,0.2,158.5,0.1883,0.1958,0.1888,0.5410,5.0,163.3,0.000,0.000,0.000,150.9,0.529,0.0000
step,fixed10,random,243,0.0,162.9,0.0151,0.2746,0.0001,0.0160,4.0,53.4,0.000,0.000,0.000,155.0,0.544,0.0000
step,bsf,random,243,0.0,161.3,0.0155,0.2803,0.0003,0.3010,4.0,134.4,0.000,0.000,0.000,153.5,0.539,0.0000
step,fixed10,random,243,0.2,161.7,0.1897,0.3715,0.1902,0.0270,5.0,65.4,0.000,0.000,0.000,154.0,0.540,0.0000
step,bsf,random,243,0.2,159.0,0.1883,0.3648,0.1888,0.5470,5.0,164.2,0.000,0.000,0.000,151.4,0.531,0.0000
circle,fixed10,random,243,0.0,159.9,0.1100,1.5730,0.0427,0.0180,4.0,53.2,0.000,0.000,0.000,152.2,0.534,0.0012
circle,bsf,random,243,0.0,161.7,0.1019,1.5605,0.0476,0.3080,4.1,134.3,0.000,0.000,0.000,153.9,0.540,0.0012
circle,fixed10,random,243,0.2,187.9,0.2249,1.5748,0.1980,0.0190,5.0,65.2,0.000,0.000,0.000,178.8,0.627,0.0019
circle,bsf,random,243,0.2,166.2,0.2171,1.5649,0.1946,0.4770,5.1,162.7,0.000,0.000,0.000,158.2,0.555,0.0018
fig8,fixed10,random,243,0.0,161.9,0.0444,0.4696,0.0484,0.0170,4.0,53.3,0.000,0.000,0.000,154.1,0.541,0.0000
fig8,bsf,random,243,0.0,160.4,0.0450,0.4513,0.0540,0.2990,4.0,134.2,0.000,0.000,0.000,152.7,0.536,0.0000
fig8,fixed10,random,243,0.2,162.7,0.1957,0.4808,0.1961,0.0250,5.0,64.6,0.000,0.000,0.000,154.9,0.543,0.0000
fig8,bsf,random,243,0.2,160.1,0.1941,0.4604,0.1960,0.5310,5.0,164.0,0.000,0.000,0.000,152.4,0.535,0.0000
hover,fixed10,periodic,243,0.0,196.4,0.0065,0.0488,0.0004,0.2000,4.0,53.6,0.000,0.000,0.000,156.8,0.550,0.0000
hover,bsf,periodic,243,0.0,195.4,0.0026,0.0480,0.0000,0.2000,4.0,134.7,0.000,0.000,0.000,156.0,0.547,0.0000
hover,fixed10,periodic,243,0.2,186.3,223.9069,1237.7634,587.4184,0.3620,7.9,66.1,0.000,0.000,0.000,148.7,0.522,0.1288
hover,bsf,periodic,243,0.2,193.1,0.1883,0.1958,0.1888,0.2030,5.0,163.6,0.000,0.000,0.000,154.2,0.541,0.0000
step,fixed10,periodic,243,0.0,190.4,0.0162,0.2746,0.0020,0.2000,4.0,53.7,0.000,0.000,0.000,152.0,0.533,0.0000
step,bsf,periodic,243,0.0,191.3,0.0155,0.2803,0.0003,0.2000,4.0,133.5,0.000,0.000,0.000,152.7,0.536,0.0000
step,fixed10,periodic,243,0.2,197.3,0.6816,4.0338,1.3488,0.2030,5.5,64.8,0.000,0.000,0.000,157.5,0.553,0.0067
step,bsf,periodic,243,0.2,187.6,0.1883,0.3648,0.1888,0.2000,5.0,162.9,0.000,0.000,0.000,149.7,0.525,0.0000
circle,fixed10,periodic,243,0.0,191.3,0.2446,1.5730,0.0879,0.2000,4.2,54.0,0.000,0.000,0.000,152.7,0.536,0.0014
circle,bsf,periodic,243,0.0,196.1,0.1023,1.5605,0.0476,0.2000,4.1,134.6,0.000,0.000,0.000,156.5,0.549,0.0012
circle,fixed10,periodic,243,0.2,195.1,0.6881,4.7156,1.1886,0.2000,5.5,65.8,0.000,0.000,0.000,155.7,0.546,0.0113
circle,bsf,periodic,243,0.2,191.8,0.2172,1.5649,0.1947,0.2010,5.1,163.5,0.000,0.000,0.000,153.1,0.537,0.0019
fig8,fixed10,periodic,243,0.0,189.4,0.1227,1.0275,0.0487,0.2000,4.1,54.1,0.000,0.000,0.000,151.2,0.530,0.0000
fig8,bsf,periodic,243,0.0,191.9,0.0450,0.4513,0.0540,0.2000,4.0,135.3,0.000,0.000,0.000,153.2,0.537,0.0000
fig8,fixed10,periodic,243,0.2,187.8,0.6397,4.6297,1.0342,0.2000,5.5,64.8,0.000,0.000,0.000,149.9,0.526,0.0131
fig8,bsf,periodic,243,0.2,190.0,0.1941,0.4604,0.1960,0.2000,5.0,163.7,0.000,0.000,0.000,151.7,0.532,0.0000
hover,fixed10,burst,243,0.0,201.2,0.1426,1.6251,0.0065,0.1810,4.1,53.7,0.000,0.000,0.000,157.6,0.553,0.0026
hover,bsf,burst,243,0.0,197.3,0.0026,0.0480,0.0000,0.1810,4.0,135.1,0.000,0.000,0.000,154.6,0.542,0.0000
hover,fixed10,burst,243,0.2,195.6,0.3544,3.0379,0.1914,0.1810,5.1,65.3,0.000,0.000,0.000,153.2,0.538,0.0023
hover,bsf,burst,243,0.2,198.8,0.1883,0.1958,0.1888,0.1810,5.0,163.5,0.000,0.000,0.000,155.8,0.547,0.0000
step,fixed10,burst,243,0.0,194.6,2496.3180,5693.1267,5107.4496,0.9540,18.2,231.7,0.000,0.000,0.000,152.5,0.535,0.1500
step,bsf,burst,243,0.0,196.7,0.0155,0.2803,0.0003,0.1810,4.0,134.4,0.000,0.000,0.000,154.1,0.541,0.0000
step,fixed10,burst,243,0.2,196.8,1951.1839,4378.2290,3943.6309,0.9530,18.9,238.2,0.000,0.000,0.000,154.2,0.541,0.2284
step,bsf,burst,243,0.2,191.8,0.1883,0.3648,0.1888,0.1820,5.0,163.2,0.000,0.000,0.000,150.3,0.527,0.0000
circle,fixed10,burst,243,0.0,194.0,17129.5086,40011.2278,35806.7057,0.9520,18.6,233.1,0.000,0.000,0.000,152.0,0.533,0.8834
circle,bsf,burst,243,0.0,194.1,0.1024,1.5605,0.0476,0.2000,4.1,134.5,0.000,0.000,0.000,152.0,0.534,0.0012
circle,fixed10,burst,243,0.2,197.6,8211.5344,17732.8064,16143.8367,0.9520,18.7,237.6,0.000,0.000,0.000,154.8,0.543,0.4224
circle,bsf,burst,243,0.2,190.8,0.2172,1.5649,0.1946,0.1980,5.0,163.0,0.000,0.000,0.000,149.5,0.525,0.0015
fig8,fixed10,burst,243,0.0,192.4,16340.1811,38378.8216,34312.8639,0.9510,18.2,230.6,0.000,0.000,0.000,150.8,0.529,0.7730
fig8,bsf,burst,243,0.0,196.9,0.0450,0.4513,0.0540,0.1810,4.0,134.9,0.000,0.000,0.000,154.3,0.541,0.0000
fig8,fixed10,burst,243,0.2,194.7,15806.3653,37154.9438,33113.9851,0.9510,18.4,233.7,0.000,0.000,0.000,152.6,0.535,0.6565
fig8,bsf,burst,243,0.2,195.8,0.1941,0.4604,0.1960,0.1810,5.0,163.4,0.000,0.000,0.000,153.4,0.538,0.0000
hover,fixed10,random,244,0.0,166.1,0.0029,0.0445,0.0000,0.0100,4.0,53.5,0.000,0.000,0.000,156.0,0.547,0.0000
hover,bsf,random,244,0.0,162.0,0.0025,0.0440,0.0000,0.2890,4.0,134.3,0.000,0.000,0.000,152.1,0.534,0.0000
hover,fixed10,random,244,0.2,161.4,0.1897,0.1960,0.1902,0.0230,5.0,64.9,0.000,0.000,0.000,151.6,0.532,0.0000
hover,bsf,random,244,0.2,160.4,0.1883,0.1943,0.1888,0.5370,5.0,163.3,0.000,0.000,0.000,150.7,0.529,0.0000
step,fixed10,random,244,0.0,165.2,0.0151,0.2746,0.0001,0.0100,4.0,54.0,0.000,0.000,0.000,155.1,0.544,0.0000
step,bsf,random,244,0.0,159.2,0.0155,0.2803,0.0003,0.3190,4.0,135.3,0.000,0.000,0.000,149.5,0.524,0.0000
step,fixed10,random,244,0.2,163.0,0.1898,0.3715,0.1902,0.0220,5.0,64.8,0.000,0.000,0.000,153.1,0.537,0.0000
step,bsf,random,244,0.2,160.3,0.1884,0.3648,0.1888,0.5330,5.0,162.9,0.000,0.000,0.000,150.6,0.528,0.0000
circle,fixed10,random,244,0.0,165.6,4814.2089,10685.1611,9654.9723,0.9840,25.1,305.2,0.000,0.000,0.000,155.5,0.546,0.5760
circle,bsf,random,244,0.0,162.7,0.1047,1.6108,0.0476,0.3180,4.1,135.1,0.000,0.000,0.000,152.8,0.536,0.0013
circle,fixed10,random,244,0.2,161.0,7219.9997,15929.1597,14398.3122,0.9950,24.6,297.4,0.000,0.000,0.000,151.2,0.531,0.5813
circle,bsf,random,244,0.2,160.7,0.2187,1.6156,0.1946,0.5440,5.1,164.0,0.000,0.000,0.000,150.9,0.529,0.0019
fig8,fixed10,random,244,0.0,164.7,0.0468,0.5196,0.0484,0.0100,4.0,53.9,0.000,0.000,0.000,154.7,0.543,0.0000
fig8,bsf,random,244,0.0,166.2,0.0465,0.4989,0.0540,0.2750,4.0,134.8,0.000,0.000,0.000,156.1,0.548,0.0000
fig8,fixed10,random,244,0.2,160.3,0.1964,0.5359,0.1961,0.0220,5.0,65.2,0.000,0.000,0.000,150.5,0.528,0.0000
fig8,bsf,random,244,0.2,161.3,0.1946,0.5084,0.1960,0.5270,5.0,163.1,0.000,0.000,0.000,151.4,0.531,0.0000
hover,fixed10,periodic,244,0.0,194.7,0.0084,0.0659,0.0003,0.2000,4.0,53.9,0.000,0.000,0.000,155.4,0.545,0.0000
hover,bsf,periodic,244,0.0,186.4,0.0025,0.0440,0.0000,0.2000,4.0,134.1,0.000,0.000,0.000,148.8,0.522,0.0000
hover,fixed10,periodic,244,0.2,197.3,0.5336,4.1122,0.6064,0.2000,5.2,65.1,0.000,0.000,0.000,157.5,0.553,0.0046
hover,bsf,periodic,244,0.2,189.8,0.1883,0.1943,0.1888,0.2000,5.0,164.0,0.000,0.000,0.000,151.5,0.532,0.0000
step,fixed10,periodic,244,0.0,191.4,0.0171,0.2746,0.0021,0.2000,4.0,54.2,0.000,0.000,0.000,152.8,0.536,0.0000
step,bsf,periodic,244,0.0,193.4,0.0155,0.2803,0.0003,0.2000,4.0,134.6,0.000,0.000,0.000,154.4,0.542,0.0000
step,fixed10,periodic,244,0.2,190.0,0.5475,4.1122,0.6344,0.2010,5.3,65.9,0.000,0.000,0.000,151.6,0.532,0.0046
step,bsf,periodic,244,0.2,191.9,0.1884,0.3648,0.1888,0.2000,5.0,163.5,0.000,0.000,0.000,153.2,0.537,0.0000
circle,fixed10,periodic,244,0.0,189.3,0.2558,1.6345,0.0947,0.2000,4.2,53.9,0.000,0.000,0.000,151.1,0.530,0.0012
circle,bsf,periodic,244,0.0,188.3,0.1052,1.6108,0.0476,0.2010,4.1,135.1,0.000,0.000,0.000,150.3,0.527,0.0020
circle,fixed10,periodic,244,0.2,193.8,0.7050,4.8113,1.2552,0.2010,5.6,65.6,0.000,0.000,0.000,154.7,0.543,0.0150
circle,bsf,periodic,244,0.2,193.6,0.2193,1.6157,0.1946,0.2020,5.1,164.2,0.000,0.000,0.000,154.5,0.542,0.0014
fig8,fixed10,periodic,244,0.0,192.2,0.1358,1.1270,0.0487,0.2000,4.1,53.8,0.000,0.000,0.000,153.4,0.538,0.0000
fig8,bsf,periodic,244,0.0,189.5,0.0465,0.4989,0.0540,0.2000,4.0,134.5,0.000,0.000,0.000,151.3,0.531,0.0000
fig8,fixed10,periodic,244,0.2,193.5,0.7001,4.7215,1.2797,0.2010,5.7,65.3,0.000,0.000,0.000,154.4,0.542,0.0124
fig8,bsf,periodic,244,0.2,188.6,0.1946,0.5084,0.1960,0.2000,5.0,163.4,0.000,0.000,0.000,150.5,0.528,0.0000
hover,fixed10,burst,244,0.0,192.8,18328.9051,42363.6544,37946.0362,0.9910,19.4,239.3,0.000,0.000,0.000,154.7,0.543,0.8949
hover,bsf,burst,244,0.0,188.2,0.0025,0.0440,0.0000,0.2070,4.0,134.5,0.000,0.000,0.000,151.1,0.530,0.0000
hover,fixed10,burst,244,0.2,190.1,3660.4140,7840.5188,7128.3920,0.9910,19.0,234.3,0.000,0.000,0.000,152.6,0.535,0.3933
hover,bsf,burst,244,0.2,189.9,0.1883,0.1943,0.1888,0.2070,5.0,162.8,0.000,0.000,0.000,152.5,0.535,0.0000
step,fixed10,burst,244,0.0,184.5,18578.9357,42610.0493,38229.4708,0.9910,18.6,228.1,0.000,0.000,0.000,148.1,0.520,0.9032
step,bsf,burst,244,0.0,185.5,0.0155,0.2803,0.0003,0.2070,4.0,134.2,0.000,0.000,0.000,148.9,0.522,0.0000
step,fixed10,burst,244,0.2,185.3,12246.1356,28161.8499,25256.3349,0.9920,18.6,229.0,0.000,0.000,0.000,148.7,0.522,0.5428
step,bsf,burst,244,0.2,195.9,0.1884,0.3648,0.1888,0.2070,5.0,163.3,0.000,0.000,0.000,157.2,0.552,0.0000
circle,fixed10,burst,244,0.0,186.7,1305.1795,2398.2103,2244.1187,0.9920,18.8,230.2,0.000,0.000,0.000,149.9,0.526,0.3580
circle,bsf,burst,244,0.0,185.4,0.1066,1.6109,0.0476,0.2140,4.1,134.7,0.000,0.000,0.000,148.8,0.522,0.0010
circle,fixed10,burst,244,0.2,189.8,7369.3764,16143.5711,14643.2255,0.9930,19.5,235.6,0.000,0.000,0.000,152.3,0.535,0.4736
circle,bsf,burst,244,0.2,196.8,0.2194,1.6156,0.1946,0.2150,5.1,163.7,0.000,0.000,0.000,158.0,0.554,0.0014
fig8,fixed10,burst,244,0.0,189.2,6677.3933,14932.9445,13468.4050,0.9930,19.2,232.8,0.000,0.000,0.000,151.9,0.533,0.1662
fig8,bsf,burst,244,0.0,184.2,0.0465,0.4989,0.0540,0.2080,4.0,135.1,0.000,0.000,0.000,147.8,0.519,0.0000
fig8,fixed10,burst,244,0.2,184.2,5745.6299,12838.7838,11580.3372,0.9930,18.3,228.3,0.000,0.000,0.000,147.9,0.519,0.1631
fig8,bsf,burst,244,0.2,196.5,0.1946,0.5084,0.1960,0.2070,5.0,165.8,0.000,0.000,0.000,157.7,0.553,0.0000
